Timestamp,Name,Location,Price,CarID,CurrentEmploymentType,CurrentEmploymentTitle
475200,Lais_Cornelia,Brew've Been Served,4.17,0,Unknown,Unknown
475200,Bramar_Mat,Brew've Been Served,9.6,0,Unknown,Unknown
475200,Arpa_Emile,Hallowed Grounds,16.53,0,Unknown,Unknown
475200,Awelon_Varro,Coffee Shack,11.51,0,Unknown,Unknown
475200,Pantanal_Rachel,Hallowed Grounds,12.93,0,Unknown,Unknown
475200,Mies Haber_Ruscella,Brew've Been Served,4.27,0,Unknown,Unknown
475200,Lagos_Linda,Brew've Been Served,11.2,0,Unknown,Unknown
475200,Coginian_Dante,Brew've Been Served,15.39,0,Unknown,Unknown
475200,Forluniau_Carla,Abila Zacharo,26.93,0,Unknown,Unknown
475200,Ribera_Anda,Hippokampos,34.03,0,Unknown,Unknown
475200,Mies Haber_Ruscella,Kalami Kafenion,8.64,0,Unknown,Unknown
475200,Lagos_Linda,KaterinaÂs CafÃ©,33.54,0,Unknown,Unknown
475200,Pantanal_Rachel,Hippokampos,36.54,0,Unknown,Unknown
475200,Lais_Cornelia,Ouzeri Elian,20.74,0,Unknown,Unknown
475200,Awelon_Varro,Kalami Kafenion,13.08,0,Unknown,Unknown
475200,Coginian_Dante,Hippokampos,38.25,0,Unknown,Unknown
475200,Bramar_Mat,Hippokampos,30.88,0,Unknown,Unknown
475200,Arpa_Emile,Kalami Kafenion,27.4,0,Unknown,Unknown
475200,Lagos_Linda,KaterinaÂs CafÃ©,38.65,0,Unknown,Unknown
475200,Arpa_Emile,KaterinaÂs CafÃ©,26.46,0,Unknown,Unknown
475200,Coginian_Dante,Frydos Autosupply n' More,80.85,0,Unknown,Unknown
475200,Lais_Cornelia,Frydos Autosupply n' More,175.87,0,Unknown,Unknown
475200,Ribera_Anda,KaterinaÂs CafÃ©,28.0,0,Unknown,Unknown
475200,Awelon_Varro,Hippokampos,24.41,0,Unknown,Unknown
475200,Mies Haber_Ruscella,Frydos Autosupply n' More,89.3,0,Unknown,Unknown
475200,Bramar_Mat,KaterinaÂs CafÃ©,26.51,0,Unknown,Unknown
561600,Lais_Cornelia,Brew've Been Served,12.74,0,Unknown,Unknown
561600,Arpa_Emile,Hallowed Grounds,8.91,0,Unknown,Unknown
561600,Awelon_Varro,Coffee Shack,16.63,0,Unknown,Unknown
561600,Mies Haber_Ruscella,Brew've Been Served,4.39,0,Unknown,Unknown
561600,Bramar_Mat,Brew've Been Served,11.91,0,Unknown,Unknown
561600,Pantanal_Rachel,Hallowed Grounds,8.42,0,Unknown,Unknown
561600,Forluniau_Carla,Coffee Cameleon,12.44,0,Unknown,Unknown
561600,Coginian_Dante,Brew've Been Served,17.4,0,Unknown,Unknown
561600,Ribera_Anda,Hallowed Grounds,10.33,0,Unknown,Unknown
561600,Lagos_Linda,Brew've Been Served,15.66,0,Unknown,Unknown
561600,Mies Haber_Ruscella,Kalami Kafenion,11.64,0,Unknown,Unknown
561600,Bramar_Mat,Ouzeri Elian,28.37,0,Unknown,Unknown
561600,Lais_Cornelia,Ouzeri Elian,17.71,0,Unknown,Unknown
561600,Forluniau_Carla,Abila Zacharo,32.4,0,Unknown,Unknown
561600,Pantanal_Rachel,Gelatogalore,36.5,0,Unknown,Unknown
561600,Lagos_Linda,Ouzeri Elian,21.85,0,Unknown,Unknown
561600,Coginian_Dante,KaterinaÂs CafÃ©,37.44,0,Unknown,Unknown
561600,Ribera_Anda,Gelatogalore,15.4,0,Unknown,Unknown
561600,Arpa_Emile,Hippokampos,37.57,0,Unknown,Unknown
561600,Awelon_Varro,Albert's Fine Clothing,78.91,0,Unknown,Unknown
561600,Lagos_Linda,KaterinaÂs CafÃ©,31.6,0,Unknown,Unknown
561600,Coginian_Dante,KaterinaÂs CafÃ©,25.02,0,Unknown,Unknown
561600,Lais_Cornelia,Guy's Gyros,23.12,0,Unknown,Unknown
561600,Ribera_Anda,KaterinaÂs CafÃ©,25.54,0,Unknown,Unknown
561600,Pantanal_Rachel,Ouzeri Elian,20.53,0,Unknown,Unknown
648000,Arpa_Emile,Hallowed Grounds,5.85,0,Unknown,Unknown
648000,Bramar_Mat,Brew've Been Served,3.09,0,Unknown,Unknown
648000,Pantanal_Rachel,Hallowed Grounds,3.9,0,Unknown,Unknown
648000,Awelon_Varro,Coffee Shack,13.13,0,Unknown,Unknown
648000,Lais_Cornelia,Brew've Been Served,14.88,0,Unknown,Unknown
648000,Mies Haber_Ruscella,Brew've Been Served,8.4,0,Unknown,Unknown
648000,Coginian_Dante,Brew've Been Served,3.92,0,Unknown,Unknown
648000,Ribera_Anda,Hallowed Grounds,11.63,0,Unknown,Unknown
648000,Lagos_Linda,Brew've Been Served,11.48,0,Unknown,Unknown
648000,Forluniau_Carla,Coffee Cameleon,16.17,0,Unknown,Unknown
648000,Mies Haber_Ruscella,Abila Zacharo,22.13,0,Unknown,Unknown
648000,Lagos_Linda,Gelatogalore,32.79,0,Unknown,Unknown
648000,Ribera_Anda,Kalami Kafenion,18.18,0,Unknown,Unknown
648000,Coginian_Dante,Kalami Kafenion,22.49,0,Unknown,Unknown
648000,Lais_Cornelia,Ouzeri Elian,24.92,0,Unknown,Unknown
648000,Pantanal_Rachel,Abila Zacharo,28.25,0,Unknown,Unknown
648000,Forluniau_Carla,Gelatogalore,22.27,0,Unknown,Unknown
648000,Awelon_Varro,Kalami Kafenion,34.98,0,Unknown,Unknown
648000,Bramar_Mat,Gelatogalore,39.94,0,Unknown,Unknown
648000,Arpa_Emile,Kalami Kafenion,31.43,0,Unknown,Unknown
648000,Mies Haber_Ruscella,KaterinaÂs CafÃ©,34.25,0,Unknown,Unknown
648000,Lagos_Linda,KaterinaÂs CafÃ©,13.83,0,Unknown,Unknown
648000,Forluniau_Carla,Frydos Autosupply n' More,214.07,0,Unknown,Unknown
648000,Ribera_Anda,Frydos Autosupply n' More,268.89,0,Unknown,Unknown
648000,Awelon_Varro,Hippokampos,16.75,0,Unknown,Unknown
648000,Coginian_Dante,KaterinaÂs CafÃ©,16.93,0,Unknown,Unknown
734400,Arpa_Emile,Hallowed Grounds,15.24,0,Unknown,Unknown
734400,Awelon_Varro,Coffee Shack,5.01,0,Unknown,Unknown
734400,Coginian_Dante,Brew've Been Served,18.25,0,Unknown,Unknown
734400,Ribera_Anda,Hallowed Grounds,16.72,0,Unknown,Unknown
734400,Forluniau_Carla,Coffee Cameleon,4.88,0,Unknown,Unknown
734400,Pantanal_Rachel,Hallowed Grounds,15.33,0,Unknown,Unknown
734400,Mies Haber_Ruscella,Gelatogalore,19.2,0,Unknown,Unknown
734400,Forluniau_Carla,Hippokampos,27.47,0,Unknown,Unknown
734400,Lagos_Linda,Gelatogalore,23.23,0,Unknown,Unknown
734400,Lais_Cornelia,Hippokampos,19.22,0,Unknown,Unknown
734400,Pantanal_Rachel,Gelatogalore,24.68,0,Unknown,Unknown
734400,Bramar_Mat,Kalami Kafenion,19.84,0,Unknown,Unknown
734400,Arpa_Emile,Kalami Kafenion,10.94,0,Unknown,Unknown
734400,Ribera_Anda,Kalami Kafenion,35.99,0,Unknown,Unknown
734400,Coginian_Dante,Guy's Gyros,27.69,0,Unknown,Unknown
734400,Awelon_Varro,Gelatogalore,36.75,0,Unknown,Unknown
734400,Arpa_Emile,KaterinaÂs CafÃ©,35.92,0,Unknown,Unknown
734400,Bramar_Mat,KaterinaÂs CafÃ©,26.6,0,Unknown,Unknown
734400,Ribera_Anda,KaterinaÂs CafÃ©,30.97,0,Unknown,Unknown
734400,Coginian_Dante,KaterinaÂs CafÃ©,29.82,0,Unknown,Unknown
734400,Awelon_Varro,Albert's Fine Clothing,224.52,0,Unknown,Unknown
734400,Mies Haber_Ruscella,KaterinaÂs CafÃ©,13.78,0,Unknown,Unknown
734400,Lais_Cornelia,Guy's Gyros,8.23,0,Unknown,Unknown
734400,Pantanal_Rachel,Shoppers' Delight,258.43,0,Unknown,Unknown
820800,Arpa_Emile,Hallowed Grounds,16.75,0,Unknown,Unknown
820800,Bramar_Mat,Brew've Been Served,4.88,0,Unknown,Unknown
820800,Pantanal_Rachel,Hallowed Grounds,17.63,0,Unknown,Unknown
820800,Forluniau_Carla,Coffee Cameleon,9.69,0,Unknown,Unknown
820800,Lais_Cornelia,Brew've Been Served,5.91,0,Unknown,Unknown
820800,Ribera_Anda,Hallowed Grounds,9.34,0,Unknown,Unknown
820800,Lagos_Linda,Brew've Been Served,14.36,0,Unknown,Unknown
820800,Forluniau_Carla,KaterinaÂs CafÃ©,21.22,0,Unknown,Unknown
820800,Pantanal_Rachel,Abila Zacharo,31.34,0,Unknown,Unknown
820800,Mies Haber_Ruscella,Kalami Kafenion,27.48,0,Unknown,Unknown
820800,Lagos_Linda,Guy's Gyros,38.15,0,Unknown,Unknown
820800,Lais_Cornelia,Ouzeri Elian,24.74,0,Unknown,Unknown
820800,Arpa_Emile,Guy's Gyros,16.34,0,Unknown,Unknown
820800,Ribera_Anda,Abila Zacharo,9.32,0,Unknown,Unknown
820800,Coginian_Dante,Gelatogalore,32.19,0,Unknown,Unknown
820800,Awelon_Varro,Hippokampos,19.88,0,Unknown,Unknown
820800,Coginian_Dante,Frydos Autosupply n' More,43.65,0,Unknown,Unknown
820800,Lagos_Linda,KaterinaÂs CafÃ©,8.14,0,Unknown,Unknown
820800,Mies Haber_Ruscella,KaterinaÂs CafÃ©,21.28,0,Unknown,Unknown
820800,Lais_Cornelia,Guy's Gyros,25.81,0,Unknown,Unknown
907200,Forluniau_Carla,KaterinaÂs CafÃ©,45.21,0,Unknown,Unknown
907200,Ribera_Anda,Hippokampos,22.23,0,Unknown,Unknown
907200,Awelon_Varro,Kalami Kafenion,35.66,0,Unknown,Unknown
907200,Forluniau_Carla,Shoppers' Delight,238.52,0,Unknown,Unknown
907200,Arpa_Emile,General Grocer,78.02,0,Unknown,Unknown
907200,Ribera_Anda,KaterinaÂs CafÃ©,20.71,0,Unknown,Unknown
907200,Lais_Cornelia,Guy's Gyros,36.2,0,Unknown,Unknown
907200,Bramar_Mat,KaterinaÂs CafÃ©,25.76,0,Unknown,Unknown
907200,Coginian_Dante,KaterinaÂs CafÃ©,52.45,0,Unknown,Unknown
907200,Arpa_Emile,Frydos Autosupply n' More,236.25,0,Unknown,Unknown
907200,Awelon_Varro,Hippokampos,69.8,0,Unknown,Unknown
907200,Forluniau_Carla,KaterinaÂs CafÃ©,94.68,0,Unknown,Unknown
993600,Mies Haber_Ruscella,Ouzeri Elian,98.45,0,Unknown,Unknown
993600,Awelon_Varro,Hippokampos,29.2,0,Unknown,Unknown
993600,Arpa_Emile,Guy's Gyros,30.47,0,Unknown,Unknown
993600,Mies Haber_Ruscella,Kronos Mart,147.3,0,Unknown,Unknown
993600,Awelon_Varro,General Grocer,159.3,0,Unknown,Unknown
993600,Mies Haber_Ruscella,KaterinaÂs CafÃ©,40.94,0,Unknown,Unknown
993600,Lais_Cornelia,Frydos Autosupply n' More,88.93,0,Unknown,Unknown
993600,Arpa_Emile,KaterinaÂs CafÃ©,39.3,0,Unknown,Unknown
993600,Lagos_Linda,KaterinaÂs CafÃ©,16.34,0,Unknown,Unknown
993600,Bramar_Mat,KaterinaÂs CafÃ©,40.25,0,Unknown,Unknown
993600,Coginian_Dante,Frydos Autosupply n' More,161.96,0,Unknown,Unknown
1080000,Bramar_Mat,Brew've Been Served,9.53,0,Unknown,Unknown
1080000,Ribera_Anda,Hallowed Grounds,6.32,0,Unknown,Unknown
1080000,Lagos_Linda,Brew've Been Served,13.37,0,Unknown,Unknown
1080000,Forluniau_Carla,Coffee Cameleon,17.49,0,Unknown,Unknown
1080000,Awelon_Varro,Coffee Shack,4.09,0,Unknown,Unknown
1080000,Pantanal_Rachel,Hallowed Grounds,15.96,0,Unknown,Unknown
1080000,Coginian_Dante,Brew've Been Served,19.89,0,Unknown,Unknown
1080000,Forluniau_Carla,KaterinaÂs CafÃ©,38.98,0,Unknown,Unknown
1080000,Mies Haber_Ruscella,Hippokampos,14.04,0,Unknown,Unknown
1080000,Lagos_Linda,Guy's Gyros,21.03,0,Unknown,Unknown
1080000,Lais_Cornelia,Kalami Kafenion,20.33,0,Unknown,Unknown
1080000,Coginian_Dante,Gelatogalore,36.24,0,Unknown,Unknown
1080000,Awelon_Varro,Guy's Gyros,38.07,0,Unknown,Unknown
1080000,Pantanal_Rachel,Gelatogalore,37.17,0,Unknown,Unknown
1080000,Bramar_Mat,Hippokampos,26.96,0,Unknown,Unknown
1080000,Arpa_Emile,Guy's Gyros,36.87,0,Unknown,Unknown
1080000,Arpa_Emile,Frydos Autosupply n' More,188.57,0,Unknown,Unknown
1080000,Lagos_Linda,Frydos Autosupply n' More,64.6,0,Unknown,Unknown
1080000,Pantanal_Rachel,Ouzeri Elian,21.83,0,Unknown,Unknown
1080000,Mies Haber_Ruscella,KaterinaÂs CafÃ©,33.57,0,Unknown,Unknown
1080000,Lais_Cornelia,Guy's Gyros,19.77,0,Unknown,Unknown
1080000,Awelon_Varro,Hippokampos,32.29,0,Unknown,Unknown
1080000,Forluniau_Carla,Frydos Autosupply n' More,202.05,0,Unknown,Unknown
1166400,Lais_Cornelia,Brew've Been Served,14.67,0,Unknown,Unknown
1166400,Arpa_Emile,Hallowed Grounds,16.67,0,Unknown,Unknown
1166400,Bramar_Mat,Brew've Been Served,14.04,0,Unknown,Unknown
1166400,Coginian_Dante,Brew've Been Served,9.53,0,Unknown,Unknown
1166400,Forluniau_Carla,Coffee Cameleon,11.67,0,Unknown,Unknown
1166400,Pantanal_Rachel,Hallowed Grounds,10.65,0,Unknown,Unknown
1166400,Mies Haber_Ruscella,Brew've Been Served,16.39,0,Unknown,Unknown
1166400,Awelon_Varro,Coffee Shack,3.63,0,Unknown,Unknown
1166400,Ribera_Anda,Hallowed Grounds,6.16,0,Unknown,Unknown
1166400,Lagos_Linda,Brew've Been Served,11.53,0,Unknown,Unknown
1166400,Lagos_Linda,Abila Zacharo,31.09,0,Unknown,Unknown
1166400,Mies Haber_Ruscella,Kalami Kafenion,33.13,0,Unknown,Unknown
1166400,Forluniau_Carla,KaterinaÂs CafÃ©,11.26,0,Unknown,Unknown
1166400,Ribera_Anda,KaterinaÂs CafÃ©,31.69,0,Unknown,Unknown
1166400,Pantanal_Rachel,Ouzeri Elian,33.67,0,Unknown,Unknown
1166400,Bramar_Mat,Kalami Kafenion,27.65,0,Unknown,Unknown
1166400,Lais_Cornelia,Gelatogalore,35.97,0,Unknown,Unknown
1166400,Awelon_Varro,Ouzeri Elian,19.7,0,Unknown,Unknown
1166400,Arpa_Emile,Gelatogalore,22.03,0,Unknown,Unknown
1166400,Coginian_Dante,Hippokampos,16.73,0,Unknown,Unknown
1166400,Lais_Cornelia,Guy's Gyros,35.12,0,Unknown,Unknown
1166400,Mies Haber_Ruscella,KaterinaÂs CafÃ©,31.94,0,Unknown,Unknown
1166400,Coginian_Dante,KaterinaÂs CafÃ©,26.61,0,Unknown,Unknown
1166400,Pantanal_Rachel,Ouzeri Elian,20.95,0,Unknown,Unknown
1166400,Lagos_Linda,KaterinaÂs CafÃ©,25.4,0,Unknown,Unknown
1166400,Ribera_Anda,KaterinaÂs CafÃ©,28.05,0,Unknown,Unknown
1166400,Bramar_Mat,Frydos Autosupply n' More,49.21,0,Unknown,Unknown
1252800,Ribera_Anda,Hallowed Grounds,18.69,0,Unknown,Unknown
1252800,Bramar_Mat,Brew've Been Served,3.14,0,Unknown,Unknown
1252800,Lais_Cornelia,Brew've Been Served,8.42,0,Unknown,Unknown
1252800,Lagos_Linda,Brew've Been Served,5.75,0,Unknown,Unknown
1252800,Awelon_Varro,Coffee Shack,18.17,0,Unknown,Unknown
1252800,Forluniau_Carla,Coffee Cameleon,16.31,0,Unknown,Unknown
1252800,Pantanal_Rachel,Hallowed Grounds,14.39,0,Unknown,Unknown
1252800,Coginian_Dante,Brew've Been Served,3.47,0,Unknown,Unknown
1252800,Forluniau_Carla,KaterinaÂs CafÃ©,28.56,0,Unknown,Unknown
1252800,Mies Haber_Ruscella,Kalami Kafenion,38.5,0,Unknown,Unknown
1252800,Lais_Cornelia,Ouzeri Elian,25.7,0,Unknown,Unknown
1252800,Lagos_Linda,Kalami Kafenion,37.15,0,Unknown,Unknown
1252800,Ribera_Anda,Guy's Gyros,12.19,0,Unknown,Unknown
1252800,Awelon_Varro,Gelatogalore,24.96,0,Unknown,Unknown
1252800,Arpa_Emile,Ouzeri Elian,26.61,0,Unknown,Unknown
1252800,Coginian_Dante,Guy's Gyros,16.58,0,Unknown,Unknown
1252800,Pantanal_Rachel,Gelatogalore,22.36,0,Unknown,Unknown
1252800,Bramar_Mat,Abila Zacharo,26.82,0,Unknown,Unknown
1252800,Ribera_Anda,KaterinaÂs CafÃ©,36.8,0,Unknown,Unknown
1252800,Lais_Cornelia,Guy's Gyros,24.91,0,Unknown,Unknown
1252800,Mies Haber_Ruscella,KaterinaÂs CafÃ©,38.81,0,Unknown,Unknown
1252800,Lagos_Linda,KaterinaÂs CafÃ©,29.33,0,Unknown,Unknown
1252800,Forluniau_Carla,KaterinaÂs CafÃ©,29.66,0,Unknown,Unknown
1252800,Coginian_Dante,KaterinaÂs CafÃ©,21.61,0,Unknown,Unknown
1252800,Awelon_Varro,Albert's Fine Clothing,228.15,0,Unknown,Unknown
1252800,Bramar_Mat,Frydos Autosupply n' More,276.88,0,Unknown,Unknown
1252800,Pantanal_Rachel,Ouzeri Elian,8.57,0,Unknown,Unknown
1339200,Lais_Cornelia,Brew've Been Served,5.05,0,Unknown,Unknown
1339200,Arpa_Emile,Hallowed Grounds,17.92,0,Unknown,Unknown
1339200,Awelon_Varro,Coffee Shack,10.48,0,Unknown,Unknown
1339200,Bramar_Mat,Brew've Been Served,3.84,0,Unknown,Unknown
1339200,Forluniau_Carla,Coffee Cameleon,3.14,0,Unknown,Unknown
1339200,Ribera_Anda,Hallowed Grounds,18.23,0,Unknown,Unknown
1339200,Pantanal_Rachel,Hallowed Grounds,4.6,0,Unknown,Unknown
1339200,Lagos_Linda,Brew've Been Served,11.21,0,Unknown,Unknown
1339200,Mies Haber_Ruscella,KaterinaÂs CafÃ©,39.74,0,Unknown,Unknown
1339200,Ribera_Anda,Hippokampos,13.05,0,Unknown,Unknown
1339200,Bramar_Mat,Abila Zacharo,24.38,0,Unknown,Unknown
1339200,Lais_Cornelia,KaterinaÂs CafÃ©,38.32,0,Unknown,Unknown
1339200,Coginian_Dante,Kalami Kafenion,9.27,0,Unknown,Unknown
1339200,Forluniau_Carla,Ouzeri Elian,8.52,0,Unknown,Unknown
1339200,Awelon_Varro,Ouzeri Elian,8.47,0,Unknown,Unknown
1339200,Pantanal_Rachel,Ouzeri Elian,31.21,0,Unknown,Unknown
1339200,Arpa_Emile,Guy's Gyros,36.48,0,Unknown,Unknown
1339200,Lais_Cornelia,Octavio's Office Supplies,131.01,0,Unknown,Unknown
1339200,Lagos_Linda,KaterinaÂs CafÃ©,13.68,0,Unknown,Unknown
1339200,Mies Haber_Ruscella,KaterinaÂs CafÃ©,29.3,0,Unknown,Unknown
1339200,Awelon_Varro,Albert's Fine Clothing,283.38,0,Unknown,Unknown
1339200,Arpa_Emile,KaterinaÂs CafÃ©,18.79,0,Unknown,Unknown
1339200,Pantanal_Rachel,Ouzeri Elian,22.65,0,Unknown,Unknown
1339200,Forluniau_Carla,KaterinaÂs CafÃ©,35.43,0,Unknown,Unknown
1339200,Coginian_Dante,KaterinaÂs CafÃ©,30.56,0,Unknown,Unknown
1339200,Bramar_Mat,Frydos Autosupply n' More,130.01,0,Unknown,Unknown
1425600,Lais_Cornelia,Brew've Been Served,11.69,0,Unknown,Unknown
1425600,Bramar_Mat,Brew've Been Served,8.07,0,Unknown,Unknown
1425600,Awelon_Varro,Coffee Shack,19.16,0,Unknown,Unknown
1425600,Ribera_Anda,Hallowed Grounds,5.52,0,Unknown,Unknown
1425600,Forluniau_Carla,Coffee Cameleon,7.49,0,Unknown,Unknown
1425600,Mies Haber_Ruscella,Brew've Been Served,18.15,0,Unknown,Unknown
1425600,Lagos_Linda,Brew've Been Served,14.58,0,Unknown,Unknown
1425600,Forluniau_Carla,Hippokampos,38.21,0,Unknown,Unknown
1425600,Pantanal_Rachel,Gelatogalore,18.1,0,Unknown,Unknown
1425600,Ribera_Anda,Hippokampos,23.54,0,Unknown,Unknown
1425600,Lagos_Linda,Kalami Kafenion,24.21,0,Unknown,Unknown
1425600,Coginian_Dante,Guy's Gyros,15.12,0,Unknown,Unknown
1425600,Awelon_Varro,Guy's Gyros,21.1,0,Unknown,Unknown
1425600,Lais_Cornelia,Abila Zacharo,11.95,0,Unknown,Unknown
1425600,Bramar_Mat,KaterinaÂs CafÃ©,30.72,0,Unknown,Unknown
1425600,Arpa_Emile,Ouzeri Elian,26.1,0,Unknown,Unknown
1425600,Forluniau_Carla,KaterinaÂs CafÃ©,21.16,0,Unknown,Unknown
1425600,Awelon_Varro,Hippokampos,19.76,0,Unknown,Unknown
1425600,Bramar_Mat,Frydos Autosupply n' More,124.52,0,Unknown,Unknown
1425600,Arpa_Emile,KaterinaÂs CafÃ©,14.93,0,Unknown,Unknown
1425600,Coginian_Dante,KaterinaÂs CafÃ©,36.12,0,Unknown,Unknown
1425600,Pantanal_Rachel,Ouzeri Elian,26.4,0,Unknown,Unknown
1425600,Mies Haber_Ruscella,KaterinaÂs CafÃ©,33.73,0,Unknown,Unknown
1425600,Lais_Cornelia,Frydos Autosupply n' More,67.29,0,Unknown,Unknown
1512000,Ribera_Anda,KaterinaÂs CafÃ©,34.54,0,Unknown,Unknown
1512000,Lais_Cornelia,Kalami Kafenion,30.12,0,Unknown,Unknown
1512000,Coginian_Dante,Kalami Kafenion,42.73,0,Unknown,Unknown
1512000,Pantanal_Rachel,Gelatogalore,24.38,0,Unknown,Unknown
1512000,Lagos_Linda,KaterinaÂs CafÃ©,37.26,0,Unknown,Unknown
1512000,Lais_Cornelia,Frydos Autosupply n' More,103.41,0,Unknown,Unknown
1512000,Ribera_Anda,Albert's Fine Clothing,189.52,0,Unknown,Unknown
1512000,Mies Haber_Ruscella,Frydos Autosupply n' More,234.53,0,Unknown,Unknown
1512000,Lais_Cornelia,Guy's Gyros,28.07,0,Unknown,Unknown
1512000,Pantanal_Rachel,Ouzeri Elian,14.9,0,Unknown,Unknown
1512000,Forluniau_Carla,KaterinaÂs CafÃ©,32.68,0,Unknown,Unknown
1512000,Lagos_Linda,KaterinaÂs CafÃ©,45.88,0,Unknown,Unknown
1512000,Awelon_Varro,Hippokampos,55.03,0,Unknown,Unknown
475200,Alcazar_Lucas,Albert's Fine Clothing,276.9,1,Information Technology,IT Helpdesk
475200,Alcazar_Lucas,Hallowed Grounds,8.05,1,Information Technology,IT Helpdesk
475200,Azada_Lars,Bean There Done That,10.28,2,Engineering,Engineer
475200,Azada_Lars,Guy's Gyros,15.44,2,Engineering,Engineer
475200,Azada_Lars,Hippokampos,21.33,2,Engineering,Engineer
475200,Balas_Felix,Bean There Done That,16.09,3,Engineering,Engineer
475200,Balas_Felix,Guy's Gyros,30.82,3,Engineering,Engineer
475200,Barranco_Ingrid,Abila Zacharo,30.08,4,Executive,SVP/CFO
475200,Barranco_Ingrid,Brewed Awakenings,5.72,4,Executive,SVP/CFO
475200,Barranco_Ingrid,Hippokampos,17.27,4,Executive,SVP/CFO
475200,Baza_Isak,Jack's Magical Beans,11.03,5,Information Technology,IT Technician
475200,Baza_Isak,KaterinaÂs CafÃ©,18.56,5,Information Technology,IT Technician
475200,Bergen_Linnea,Coffee Cameleon,8.73,6,Information Technology,IT Group Manager
475200,Bergen_Linnea,Gelatogalore,12.74,6,Information Technology,IT Group Manager
475200,Bergen_Linnea,KaterinaÂs CafÃ©,23.63,6,Information Technology,IT Group Manager
475200,Bodrogi_Loreto,Brew've Been Served,18.24,15,Security,Site Control
475200,Bodrogi_Loreto,KaterinaÂs CafÃ©,39.41,15,Security,Site Control
475200,Borrasca_Isande,Brewed Awakenings,16.89,7,Engineering,Drill Technician
475200,Borrasca_Isande,Ouzeri Elian,38.9,7,Engineering,Drill Technician
475200,Calixto_Nils,Gelatogalore,22.64,8,Information Technology,IT Technician
475200,Calzas_Axel,Bean There Done That,8.54,9,Engineering,Drill Technician
475200,Calzas_Axel,Hippokampos,8.64,9,Engineering,Drill Technician
475200,Calzas_Axel,Hippokampos,26.8,9,Engineering,Drill Technician
475200,Campo-Corrente_Ada,Brewed Awakenings,4.35,10,Executive,SVP/CIO
475200,Campo-Corrente_Ada,Hippokampos,20.61,10,Executive,SVP/CIO
475200,Cazar_Gustav,Bean There Done That,5.24,11,Engineering,Hydraulic Technician
475200,Cazar_Gustav,Hippokampos,35.34,11,Engineering,Hydraulic Technician
475200,Cocinaro_Hideki,Abila Zacharo,18.11,12,Security,Site Control
475200,Cocinaro_Hideki,Guy's Gyros,15.29,12,Security,Site Control
475200,Cocinaro_Hideki,Hallowed Grounds,12.22,12,Security,Site Control
475200,Dedos_Lidelse,Hallowed Grounds,10.07,14,Engineering,Engineering Group Manager
475200,Dedos_Lidelse,KaterinaÂs CafÃ©,13.59,14,Engineering,Engineering Group Manager
475200,Dedos_Lidelse,KaterinaÂs CafÃ©,12.32,14,Engineering,Engineering Group Manager
475200,Ferro_Inga,Brew've Been Served,8.88,13,Security,Site Control
475200,Ferro_Inga,Gelatogalore,23.41,13,Security,Site Control
475200,Ferro_Inga,Guy's Gyros,28.94,13,Security,Site Control
475200,Flecha_Sven,Brew've Been Served,4.24,17,Information Technology,IT Technician
475200,Flecha_Sven,Guy's Gyros,16.92,17,Information Technology,IT Technician
475200,Flecha_Sven,Guy's Gyros,39.29,17,Information Technology,IT Technician
475200,Frente_Birgitta,Hallowed Grounds,16.72,18,Engineering,Geologist
475200,Frente_Birgitta,KaterinaÂs CafÃ©,32.64,18,Engineering,Geologist
475200,Frente_Vira,Bean There Done That,4.27,19,Engineering,Hydraulic Technician
475200,Frente_Vira,Hippokampos,25.5,19,Engineering,Hydraulic Technician
475200,Frente_Vira,Ouzeri Elian,20.4,19,Engineering,Hydraulic Technician
475200,Fusil_Stenig,Brew've Been Served,8.33,20,Security,Building Control
475200,Fusil_Stenig,Guy's Gyros,37.82,20,Security,Building Control
475200,Fusil_Stenig,Ouzeri Elian,20.56,20,Security,Building Control
475200,Hafon_Albina,Carlyle Chemical Inc.,3959.66,0,Facilities,Truck Driver
475200,Hafon_Albina,Abila Airport,4540.08,0,Facilities,Truck Driver
475200,Hafon_Albina,Abila Airport,777.06,0,Facilities,Truck Driver
475200,Hafon_Albina,Kronos Pipe and Irrigation,242.21,0,Facilities,Truck Driver
475200,Hafon_Albina,Maximum Iron and Steel,2859.51,0,Facilities,Truck Driver
475200,Hafon_Albina,Ouzeri Elian,16.84,0,Facilities,Truck Driver
475200,Herrero_Kanon,Brew've Been Served,14.97,22,Security,Badging Office
475200,Lagos_Varja,Brew've Been Served,3.67,23,Security,Badging Office
475200,Lagos_Varja,Guy's Gyros,22.57,23,Security,Badging Office
475200,Lagos_Varja,Kalami Kafenion,30.1,23,Security,Badging Office
475200,Lagos_Varja,U-Pump,59.51,23,Security,Badging Office
475200,Mies_Henk,Abila Airport,612.47,0,Facilities,Truck Driver
475200,Mies_Minke,Albert's Fine Clothing,121.76,24,Security,Perimeter Control
475200,Mies_Minke,Brew've Been Served,15.58,24,Security,Perimeter Control
475200,Mies_Minke,Kalami Kafenion,22.31,24,Security,Perimeter Control
475200,Morluniau_Cecilia,Nationwide Refinery,761.64,0,Facilities,Truck Driver
475200,Morluniau_Cecilia,Stewart and Sons Fabrication,2144.62,0,Facilities,Truck Driver
475200,Nubarron_Adra,Coffee Cameleon,11.86,25,Engineering,Geologist
475200,Nubarron_Adra,Frydos Autosupply n' More,197.32,25,Engineering,Geologist
475200,Onda_Marin,Frydos Autosupply n' More,274.98,26,Engineering,Drill Site Manager
475200,Onda_Marin,Guy's Gyros,11.22,26,Engineering,Drill Site Manager
475200,Orilla_Elsa,Abila Zacharo,50.14,28,Engineering,Drill Technician
475200,Orilla_Elsa,Frydos Autosupply n' More,253.87,28,Engineering,Drill Technician
475200,Orilla_Elsa,Jack's Magical Beans,18.59,28,Engineering,Drill Technician
475200,Orilla_Kare,Gelatogalore,36.33,27,Engineering,Drill Technician
475200,Orilla_Kare,Hallowed Grounds,10.66,27,Engineering,Drill Technician
475200,Orilla_Kare,KaterinaÂs CafÃ©,26.1,27,Engineering,Drill Technician
475200,Osvaldo_Hennie,Abila Zacharo,23.15,21,Security,Perimeter Control
475200,Osvaldo_Hennie,Brew've Been Served,12.83,21,Security,Perimeter Control
475200,Osvaldo_Hennie,KaterinaÂs CafÃ©,17.92,21,Security,Perimeter Control
475200,Ovan_Bertrand,Coffee Cameleon,8.39,29,Facilities,Facilities Group Manager
475200,Ovan_Bertrand,KaterinaÂs CafÃ©,15.52,29,Facilities,Facilities Group Manager
475200,Ovan_Bertrand,Ouzeri Elian,30.87,29,Facilities,Facilities Group Manager
475200,Resumir_Felix,Brew've Been Served,5.66,30,Security,Security Group Manager
475200,Resumir_Felix,Guy's Gyros,11.94,30,Security,Security Group Manager
475200,Resumir_Felix,KaterinaÂs CafÃ©,19.65,30,Security,Security Group Manager
475200,Strum_Orhan,Jack's Magical Beans,7.84,32,Executive,SVP/COO
475200,Tempestad_Brand,Brew've Been Served,16.9,33,Engineering,Drill Technician
475200,Tempestad_Brand,Ouzeri Elian,34.71,33,Engineering,Drill Technician
475200,Vann_Edvard,Brew've Been Served,11.34,34,Security,Perimeter Control
475200,Vann_Edvard,Hippokampos,13.26,34,Security,Perimeter Control
475200,Vann_Isia,Abila Zacharo,12.05,16,Security,Perimeter Control
475200,Vann_Isia,Brew've Been Served,10.68,16,Security,Perimeter Control
475200,Vann_Isia,Shoppers' Delight,293.67,16,Security,Perimeter Control
475200,Vasco-Pais_Willem,Guy's Gyros,19.67,35,Executive,Environmental Safety Advisor
475200,Vasco-Pais_Willem,Jack's Magical Beans,18.1,35,Executive,Environmental Safety Advisor
561600,Alcazar_Lucas,Gelatogalore,21.52,1,Information Technology,IT Helpdesk
561600,Alcazar_Lucas,Hallowed Grounds,4.44,1,Information Technology,IT Helpdesk
561600,Alcazar_Lucas,Ouzeri Elian,25.27,1,Information Technology,IT Helpdesk
561600,Azada_Lars,Abila Zacharo,13.52,2,Engineering,Engineer
561600,Azada_Lars,Bean There Done That,11.25,2,Engineering,Engineer
561600,Azada_Lars,Hippokampos,11.56,2,Engineering,Engineer
561600,Balas_Felix,Guy's Gyros,10.11,3,Engineering,Engineer
561600,Barranco_Ingrid,Abila Zacharo,12.72,4,Executive,SVP/CFO
561600,Barranco_Ingrid,Hippokampos,15.85,4,Executive,SVP/CFO
561600,Baza_Isak,Abila Zacharo,22.25,5,Information Technology,IT Technician
561600,Baza_Isak,Jack's Magical Beans,3.68,5,Information Technology,IT Technician
561600,Bergen_Linnea,Coffee Cameleon,7.66,6,Information Technology,IT Group Manager
561600,Bergen_Linnea,Gelatogalore,34.04,6,Information Technology,IT Group Manager
561600,Bergen_Linnea,KaterinaÂs CafÃ©,19.49,6,Information Technology,IT Group Manager
561600,Bodrogi_Loreto,Brewed Awakenings,4.84,15,Security,Site Control
561600,Bodrogi_Loreto,Guy's Gyros,22.33,15,Security,Site Control
561600,Bodrogi_Loreto,Hippokampos,31.69,15,Security,Site Control
561600,Borrasca_Isande,Brewed Awakenings,11.59,7,Engineering,Drill Technician
561600,Borrasca_Isande,Guy's Gyros,34.09,7,Engineering,Drill Technician
561600,Borrasca_Isande,Hippokampos,21.2,7,Engineering,Drill Technician
561600,Calixto_Nils,Hallowed Grounds,14.05,8,Information Technology,IT Technician
561600,Calixto_Nils,KaterinaÂs CafÃ©,22.27,8,Information Technology,IT Technician
561600,Calixto_Nils,KaterinaÂs CafÃ©,14.75,8,Information Technology,IT Technician
561600,Calzas_Axel,Bean There Done That,13.89,9,Engineering,Drill Technician
561600,Calzas_Axel,Hippokampos,20.17,9,Engineering,Drill Technician
561600,Calzas_Axel,Kalami Kafenion,22.83,9,Engineering,Drill Technician
561600,Campo-Corrente_Ada,Brewed Awakenings,6.72,10,Executive,SVP/CIO
561600,Campo-Corrente_Ada,Gelatogalore,35.06,10,Executive,SVP/CIO
561600,Campo-Corrente_Ada,Hippokampos,22.18,10,Executive,SVP/CIO
561600,Cazar_Gustav,Bean There Done That,8.03,11,Engineering,Hydraulic Technician
561600,Cazar_Gustav,Hippokampos,10.19,11,Engineering,Hydraulic Technician
561600,Cocinaro_Hideki,Hallowed Grounds,18.97,12,Security,Site Control
561600,Cocinaro_Hideki,Kalami Kafenion,22.14,12,Security,Site Control
561600,Dedos_Lidelse,Gelatogalore,31.77,14,Engineering,Engineering Group Manager
561600,Ferro_Inga,Abila Zacharo,25.9,13,Security,Site Control
561600,Ferro_Inga,Guy's Gyros,14.87,13,Security,Site Control
561600,Flecha_Sven,Brew've Been Served,5.08,17,Information Technology,IT Technician
561600,Flecha_Sven,Guy's Gyros,22.25,17,Information Technology,IT Technician
561600,Flecha_Sven,Kalami Kafenion,25.9,17,Information Technology,IT Technician
561600,Frente_Birgitta,Guy's Gyros,12.57,18,Engineering,Geologist
561600,Frente_Birgitta,Hallowed Grounds,9.92,18,Engineering,Geologist
561600,Frente_Birgitta,KaterinaÂs CafÃ©,17.26,18,Engineering,Geologist
561600,Frente_Vira,Albert's Fine Clothing,228.36,19,Engineering,Hydraulic Technician
561600,Frente_Vira,Bean There Done That,6.25,19,Engineering,Hydraulic Technician
561600,Frente_Vira,Ouzeri Elian,24.84,19,Engineering,Hydraulic Technician
561600,Fusil_Stenig,Guy's Gyros,11.31,20,Security,Building Control
561600,Hawelon_Benito,Abila Airport,3840.37,0,Facilities,Truck Driver
561600,Hawelon_Benito,Stewart and Sons Fabrication,1200.9,0,Facilities,Truck Driver
561600,Herrero_Kanon,Brew've Been Served,11.92,22,Security,Badging Office
561600,Lagos_Varja,Brew've Been Served,9.06,23,Security,Badging Office
561600,Lagos_Varja,Guy's Gyros,31.23,23,Security,Badging Office
561600,Lagos_Varja,KaterinaÂs CafÃ©,31.41,23,Security,Badging Office
561600,Mies_Henk,Abila Airport,124.89,0,Facilities,Truck Driver
561600,Mies_Henk,Abila Airport,3411.29,0,Facilities,Truck Driver
561600,Mies_Minke,Brew've Been Served,3.0,24,Security,Perimeter Control
561600,Mies_Minke,KaterinaÂs CafÃ©,10.9,24,Security,Perimeter Control
561600,Morlun_Valeria,Carlyle Chemical Inc.,3827.2,0,Facilities,Truck Driver
561600,Morlun_Valeria,KaterinaÂs CafÃ©,19.07,0,Facilities,Truck Driver
561600,Morlun_Valeria,Nationwide Refinery,1562.66,0,Facilities,Truck Driver
561600,Morluniau_Cecilia,Nationwide Refinery,1347.36,0,Facilities,Truck Driver
561600,Morluniau_Cecilia,Stewart and Sons Fabrication,1783.33,0,Facilities,Truck Driver
561600,Nant_Irene,Kronos Pipe and Irrigation,3920.82,0,Facilities,Truck Driver
561600,Nant_Irene,Maximum Iron and Steel,3207.31,0,Facilities,Truck Driver
561600,Nubarron_Adra,Coffee Cameleon,11.55,25,Engineering,Geologist
561600,Nubarron_Adra,KaterinaÂs CafÃ©,10.07,25,Engineering,Geologist
561600,Nubarron_Adra,Ouzeri Elian,29.1,25,Engineering,Geologist
561600,Onda_Marin,Hallowed Grounds,7.88,26,Engineering,Drill Site Manager
561600,Onda_Marin,KaterinaÂs CafÃ©,18.35,26,Engineering,Drill Site Manager
561600,Orilla_Elsa,Jack's Magical Beans,18.77,28,Engineering,Drill Technician
561600,Orilla_Elsa,Kalami Kafenion,45.05,28,Engineering,Drill Technician
561600,Orilla_Elsa,Ouzeri Elian,11.41,28,Engineering,Drill Technician
561600,Orilla_Kare,Hallowed Grounds,9.61,27,Engineering,Drill Technician
561600,Orilla_Kare,Hippokampos,16.11,27,Engineering,Drill Technician
561600,Orilla_Kare,KaterinaÂs CafÃ©,32.83,27,Engineering,Drill Technician
561600,Osvaldo_Hennie,Brew've Been Served,14.49,21,Security,Perimeter Control
561600,Osvaldo_Hennie,Gelatogalore,17.21,21,Security,Perimeter Control
561600,Osvaldo_Hennie,KaterinaÂs CafÃ©,33.29,21,Security,Perimeter Control
561600,Ovan_Bertrand,Coffee Cameleon,9.1,29,Facilities,Facilities Group Manager
561600,Ovan_Bertrand,Gelatogalore,8.97,29,Facilities,Facilities Group Manager
561600,Ovan_Bertrand,KaterinaÂs CafÃ©,19.53,29,Facilities,Facilities Group Manager
561600,Resumir_Felix,Brew've Been Served,7.74,30,Security,Security Group Manager
561600,Resumir_Felix,Frydos Autosupply n' More,272.73,30,Security,Security Group Manager
561600,Resumir_Felix,Ouzeri Elian,19.51,30,Security,Security Group Manager
561600,Scozzese_Dylan,Abila Scrapyard,2149.28,0,Facilities,Truck Driver
561600,Scozzese_Dylan,Abila Airport,1641.96,0,Facilities,Truck Driver
561600,Scozzese_Dylan,Nationwide Refinery,889.58,0,Facilities,Truck Driver
561600,Strum_Orhan,Guy's Gyros,29.57,32,Executive,SVP/COO
561600,Strum_Orhan,Jack's Magical Beans,19.61,32,Executive,SVP/COO
561600,Tempestad_Brand,Abila Zacharo,17.81,33,Engineering,Drill Technician
561600,Tempestad_Brand,Brew've Been Served,18.53,33,Engineering,Drill Technician
561600,Vann_Edvard,Kalami Kafenion,18.06,34,Security,Perimeter Control
561600,Vann_Isia,Brewed Awakenings,12.59,16,Security,Perimeter Control
561600,Vann_Isia,Guy's Gyros,38.56,16,Security,Perimeter Control
561600,Vann_Isia,Guy's Gyros,9.76,16,Security,Perimeter Control
561600,Vasco-Pais_Willem,Gelatogalore,8.98,35,Executive,Environmental Safety Advisor
561600,Vasco-Pais_Willem,Hippokampos,37.88,35,Executive,Environmental Safety Advisor
561600,Vasco-Pais_Willem,Jack's Magical Beans,9.84,35,Executive,Environmental Safety Advisor
648000,Alcazar_Lucas,Hippokampos,39.8,1,Information Technology,IT Helpdesk
648000,Alcazar_Lucas,Ouzeri Elian,10.81,1,Information Technology,IT Helpdesk
648000,Azada_Lars,Abila Zacharo,14.41,2,Engineering,Engineer
648000,Azada_Lars,Bean There Done That,17.45,2,Engineering,Engineer
648000,Azada_Lars,Hippokampos,10.52,2,Engineering,Engineer
648000,Balas_Felix,Albert's Fine Clothing,136.01,3,Engineering,Engineer
648000,Balas_Felix,Bean There Done That,12.07,3,Engineering,Engineer
648000,Balas_Felix,Hippokampos,28.79,3,Engineering,Engineer
648000,Barranco_Ingrid,Brewed Awakenings,11.73,4,Executive,SVP/CFO
648000,Barranco_Ingrid,Hippokampos,26.31,4,Executive,SVP/CFO
648000,Barranco_Ingrid,Ouzeri Elian,32.61,4,Executive,SVP/CFO
648000,Baza_Isak,Jack's Magical Beans,3.96,5,Information Technology,IT Technician
648000,Baza_Isak,KaterinaÂs CafÃ©,8.53,5,Information Technology,IT Technician
648000,Baza_Isak,Ouzeri Elian,29.85,5,Information Technology,IT Technician
648000,Bergen_Linnea,Coffee Cameleon,6.59,6,Information Technology,IT Group Manager
648000,Bergen_Linnea,Hippokampos,16.59,6,Information Technology,IT Group Manager
648000,Bergen_Linnea,KaterinaÂs CafÃ©,19.12,6,Information Technology,IT Group Manager
648000,Bodrogi_Loreto,Brew've Been Served,12.92,15,Security,Site Control
648000,Bodrogi_Loreto,Frank's Fuel,65.34,15,Security,Site Control
648000,Bodrogi_Loreto,Frydos Autosupply n' More,182.56,15,Security,Site Control
648000,Bodrogi_Loreto,Guy's Gyros,17.9,15,Security,Site Control
648000,Borrasca_Isande,Brewed Awakenings,12.32,7,Engineering,Drill Technician
648000,Borrasca_Isande,Chostus Hotel,107.51,7,Engineering,Drill Technician
648000,Borrasca_Isande,Hippokampos,16.54,7,Engineering,Drill Technician
648000,Calixto_Nils,Gelatogalore,35.29,8,Information Technology,IT Technician
648000,Calixto_Nils,Hallowed Grounds,19.92,8,Information Technology,IT Technician
648000,Calixto_Nils,KaterinaÂs CafÃ©,36.6,8,Information Technology,IT Technician
648000,Calzas_Axel,Hippokampos,12.62,9,Engineering,Drill Technician
648000,Campo-Corrente_Ada,Hippokampos,26.55,10,Executive,SVP/CIO
648000,Campo-Corrente_Ada,Hippokampos,15.64,10,Executive,SVP/CIO
648000,Cazar_Gustav,Bean There Done That,14.96,11,Engineering,Hydraulic Technician
648000,Cazar_Gustav,Hippokampos,37.89,11,Engineering,Hydraulic Technician
648000,Cocinaro_Hideki,General Grocer,265.84,12,Security,Site Control
648000,Dedos_Lidelse,Guy's Gyros,15.86,14,Engineering,Engineering Group Manager
648000,Dedos_Lidelse,Hallowed Grounds,8.15,14,Engineering,Engineering Group Manager
648000,Dedos_Lidelse,KaterinaÂs CafÃ©,27.87,14,Engineering,Engineering Group Manager
648000,Ferro_Inga,Brew've Been Served,17.13,13,Security,Site Control
648000,Ferro_Inga,Gelatogalore,36.72,13,Security,Site Control
648000,Flecha_Sven,Brew've Been Served,3.42,17,Information Technology,IT Technician
648000,Flecha_Sven,Guy's Gyros,30.12,17,Information Technology,IT Technician
648000,Flecha_Sven,Guy's Gyros,28.81,17,Information Technology,IT Technician
648000,Frente_Birgitta,Abila Zacharo,16.2,18,Engineering,Geologist
648000,Frente_Birgitta,Hallowed Grounds,3.4,18,Engineering,Geologist
648000,Frente_Vira,Bean There Done That,16.18,19,Engineering,Hydraulic Technician
648000,Frente_Vira,Hippokampos,32.66,19,Engineering,Hydraulic Technician
648000,Frente_Vira,KaterinaÂs CafÃ©,37.04,19,Engineering,Hydraulic Technician
648000,Fusil_Stenig,Brew've Been Served,8.27,20,Security,Building Control
648000,Fusil_Stenig,Kalami Kafenion,14.77,20,Security,Building Control
648000,Herrero_Kanon,Brew've Been Served,7.26,22,Security,Badging Office
648000,Lagos_Varja,Brew've Been Served,11.87,23,Security,Badging Office
648000,Lagos_Varja,Gelatogalore,39.75,23,Security,Badging Office
648000,Lagos_Varja,Guy's Gyros,19.08,23,Security,Badging Office
648000,Mies_Henk,Abila Airport,2723.18,0,Facilities,Truck Driver
648000,Mies_Henk,Abila Airport,2769.12,0,Facilities,Truck Driver
648000,Mies_Minke,Brew've Been Served,6.3,24,Security,Perimeter Control
648000,Mies_Minke,Guy's Gyros,10.34,24,Security,Perimeter Control
648000,Mies_Minke,Guy's Gyros,30.48,24,Security,Perimeter Control
648000,Morlun_Adan,Nationwide Refinery,4513.16,0,Facilities,Truck Driver
648000,Morlun_Adan,Stewart and Sons Fabrication,1738.26,0,Facilities,Truck Driver
648000,Morlun_Valeria,Carlyle Chemical Inc.,4901.88,0,Facilities,Truck Driver
648000,Morlun_Valeria,KaterinaÂs CafÃ©,29.26,0,Facilities,Truck Driver
648000,Morlun_Valeria,Nationwide Refinery,4367.43,0,Facilities,Truck Driver
648000,Morluniau_Cecilia,Nationwide Refinery,3674.32,0,Facilities,Truck Driver
648000,Morluniau_Cecilia,Stewart and Sons Fabrication,1673.77,0,Facilities,Truck Driver
648000,Nant_Irene,Carlyle Chemical Inc.,4983.52,0,Facilities,Truck Driver
648000,Nant_Irene,Kronos Pipe and Irrigation,3615.61,0,Facilities,Truck Driver
648000,Nant_Irene,Maximum Iron and Steel,3136.01,0,Facilities,Truck Driver
648000,Nubarron_Adra,Coffee Cameleon,15.71,25,Engineering,Geologist
648000,Nubarron_Adra,KaterinaÂs CafÃ©,26.45,25,Engineering,Geologist
648000,Nubarron_Adra,KaterinaÂs CafÃ©,33.31,25,Engineering,Geologist
648000,Onda_Marin,KaterinaÂs CafÃ©,31.59,26,Engineering,Drill Site Manager
648000,Orilla_Elsa,Gelatogalore,50.36,28,Engineering,Drill Technician
648000,Orilla_Elsa,Jack's Magical Beans,18.78,28,Engineering,Drill Technician
648000,Orilla_Elsa,Ouzeri Elian,62.2,28,Engineering,Drill Technician
648000,Orilla_Kare,Hallowed Grounds,3.11,27,Engineering,Drill Technician
648000,Orilla_Kare,Kalami Kafenion,23.82,27,Engineering,Drill Technician
648000,Osvaldo_Hennie,Brew've Been Served,13.68,21,Security,Perimeter Control
648000,Osvaldo_Hennie,Gelatogalore,20.72,21,Security,Perimeter Control
648000,Ovan_Bertrand,Coffee Cameleon,12.26,29,Facilities,Facilities Group Manager
648000,Ovan_Bertrand,Kalami Kafenion,24.08,29,Facilities,Facilities Group Manager
648000,Ovan_Bertrand,KaterinaÂs CafÃ©,32.83,29,Facilities,Facilities Group Manager
648000,Resumir_Felix,Abila Zacharo,30.85,30,Security,Security Group Manager
648000,Resumir_Felix,Brew've Been Served,10.15,30,Security,Security Group Manager
648000,Strum_Orhan,Jack's Magical Beans,12.37,32,Executive,SVP/COO
648000,Strum_Orhan,Ouzeri Elian,29.73,32,Executive,SVP/COO
648000,Tempestad_Brand,Brew've Been Served,19.17,33,Engineering,Drill Technician
648000,Tempestad_Brand,Chostus Hotel,111.89,33,Engineering,Drill Technician
648000,Tempestad_Brand,Guy's Gyros,18.24,33,Engineering,Drill Technician
648000,Vann_Edvard,Brew've Been Served,12.3,34,Security,Perimeter Control
648000,Vann_Edvard,Hippokampos,9.03,34,Security,Perimeter Control
648000,Vann_Isia,Brew've Been Served,15.66,16,Security,Perimeter Control
648000,Vann_Isia,Guy's Gyros,15.69,16,Security,Perimeter Control
648000,Vann_Isia,Kalami Kafenion,31.96,16,Security,Perimeter Control
648000,Vasco-Pais_Willem,Abila Zacharo,36.85,35,Executive,Environmental Safety Advisor
648000,Vasco-Pais_Willem,Hippokampos,18.99,35,Executive,Environmental Safety Advisor
648000,Vasco-Pais_Willem,Jack's Magical Beans,11.25,35,Executive,Environmental Safety Advisor
734400,Alcazar_Lucas,Abila Zacharo,29.41,1,Information Technology,IT Helpdesk
734400,Alcazar_Lucas,Hallowed Grounds,14.45,1,Information Technology,IT Helpdesk
734400,Azada_Lars,Bean There Done That,13.0,2,Engineering,Engineer
734400,Azada_Lars,Guy's Gyros,14.91,2,Engineering,Engineer
734400,Balas_Felix,Hippokampos,8.43,3,Engineering,Engineer
734400,Balas_Felix,Hippokampos,10.12,3,Engineering,Engineer
734400,Barranco_Ingrid,Kronos Mart,203.91,4,Executive,SVP/CFO
734400,Barranco_Ingrid,Ouzeri Elian,26.09,4,Executive,SVP/CFO
734400,Baza_Isak,Gelatogalore,8.6,5,Information Technology,IT Technician
734400,Baza_Isak,Jack's Magical Beans,10.11,5,Information Technology,IT Technician
734400,Bergen_Linnea,KaterinaÂs CafÃ©,17.02,6,Information Technology,IT Group Manager
734400,Bodrogi_Loreto,Frydos Autosupply n' More,276.75,15,Security,Site Control
734400,Bodrogi_Loreto,Jack's Magical Beans,6.0,15,Security,Site Control
734400,Bodrogi_Loreto,KaterinaÂs CafÃ©,10.42,15,Security,Site Control
734400,Borrasca_Isande,Brewed Awakenings,13.16,7,Engineering,Drill Technician
734400,Borrasca_Isande,Gelatogalore,16.74,7,Engineering,Drill Technician
734400,Borrasca_Isande,Hippokampos,15.02,7,Engineering,Drill Technician
734400,Calixto_Nils,Guy's Gyros,13.59,8,Information Technology,IT Technician
734400,Calixto_Nils,Guy's Gyros,8.23,8,Information Technology,IT Technician
734400,Calzas_Axel,Bean There Done That,4.06,9,Engineering,Drill Technician
734400,Calzas_Axel,KaterinaÂs CafÃ©,8.01,9,Engineering,Drill Technician
734400,Campo-Corrente_Ada,Albert's Fine Clothing,229.98,10,Executive,SVP/CIO
734400,Campo-Corrente_Ada,Brewed Awakenings,17.66,10,Executive,SVP/CIO
734400,Cazar_Gustav,Frydos Autosupply n' More,60.65,11,Engineering,Hydraulic Technician
734400,Cazar_Gustav,Hippokampos,9.12,11,Engineering,Hydraulic Technician
734400,Cocinaro_Hideki,Hallowed Grounds,16.77,12,Security,Site Control
734400,Cocinaro_Hideki,Ouzeri Elian,32.89,12,Security,Site Control
734400,Dedos_Lidelse,Abila Zacharo,20.73,14,Engineering,Engineering Group Manager
734400,Dedos_Lidelse,Hallowed Grounds,17.84,14,Engineering,Engineering Group Manager
734400,Ferro_Inga,Abila Zacharo,14.37,13,Security,Site Control
734400,Flecha_Sven,Brew've Been Served,5.3,17,Information Technology,IT Technician
734400,Flecha_Sven,Guy's Gyros,35.05,17,Information Technology,IT Technician
734400,Flecha_Sven,Kalami Kafenion,18.14,17,Information Technology,IT Technician
734400,Frente_Birgitta,Guy's Gyros,15.0,18,Engineering,Geologist
734400,Frente_Birgitta,Hallowed Grounds,18.48,18,Engineering,Geologist
734400,Frente_Birgitta,KaterinaÂs CafÃ©,26.0,18,Engineering,Geologist
734400,Frente_Vira,Bean There Done That,4.05,19,Engineering,Hydraulic Technician
734400,Frente_Vira,Hippokampos,24.96,19,Engineering,Hydraulic Technician
734400,Frente_Vira,Kalami Kafenion,30.76,19,Engineering,Hydraulic Technician
734400,Fusil_Stenig,Brew've Been Served,15.82,20,Security,Building Control
734400,Fusil_Stenig,Guy's Gyros,29.96,20,Security,Building Control
734400,Fusil_Stenig,Ouzeri Elian,22.4,20,Security,Building Control
734400,Hawelon_Benito,Abila Airport,2358.22,0,Facilities,Truck Driver
734400,Hawelon_Benito,Nationwide Refinery,1420.39,0,Facilities,Truck Driver
734400,Hawelon_Benito,Stewart and Sons Fabrication,1015.65,0,Facilities,Truck Driver
734400,Herrero_Kanon,Brew've Been Served,17.64,22,Security,Badging Office
734400,Herrero_Kanon,Guy's Gyros,18.26,22,Security,Badging Office
734400,Lagos_Varja,Abila Zacharo,8.16,23,Security,Badging Office
734400,Lagos_Varja,Brew've Been Served,12.12,23,Security,Badging Office
734400,Lagos_Varja,Frydos Autosupply n' More,138.02,23,Security,Badging Office
734400,Mies_Henk,Abila Airport,182.93,0,Facilities,Truck Driver
734400,Mies_Henk,Abila Airport,4538.52,0,Facilities,Truck Driver
734400,Mies_Minke,Brew've Been Served,6.21,24,Security,Perimeter Control
734400,Mies_Minke,Guy's Gyros,31.31,24,Security,Perimeter Control
734400,Mies_Minke,Hippokampos,25.7,24,Security,Perimeter Control
734400,Morlun_Valeria,Carlyle Chemical Inc.,529.47,0,Facilities,Truck Driver
734400,Morlun_Valeria,Carlyle Chemical Inc.,382.43,0,Facilities,Truck Driver
734400,Morlun_Valeria,Carlyle Chemical Inc.,2176.2,0,Facilities,Truck Driver
734400,Morlun_Valeria,KaterinaÂs CafÃ©,16.98,0,Facilities,Truck Driver
734400,Morlun_Valeria,Nationwide Refinery,289.3,0,Facilities,Truck Driver
734400,Morluniau_Cecilia,Nationwide Refinery,674.28,0,Facilities,Truck Driver
734400,Morluniau_Cecilia,Stewart and Sons Fabrication,3544.0,0,Facilities,Truck Driver
734400,Nant_Irene,Carlyle Chemical Inc.,732.82,0,Facilities,Truck Driver
734400,Nant_Irene,Kronos Pipe and Irrigation,423.14,0,Facilities,Truck Driver
734400,Nant_Irene,Maximum Iron and Steel,1527.14,0,Facilities,Truck Driver
734400,Nubarron_Adra,Coffee Cameleon,16.13,25,Engineering,Geologist
734400,Onda_Marin,Hallowed Grounds,17.56,26,Engineering,Drill Site Manager
734400,Onda_Marin,Hippokampos,13.84,26,Engineering,Drill Site Manager
734400,Onda_Marin,KaterinaÂs CafÃ©,8.57,26,Engineering,Drill Site Manager
734400,Orilla_Elsa,Abila Zacharo,48.39,28,Engineering,Drill Technician
734400,Orilla_Kare,KaterinaÂs CafÃ©,19.02,27,Engineering,Drill Technician
734400,Osvaldo_Hennie,Gelatogalore,11.94,21,Security,Perimeter Control
734400,Osvaldo_Hennie,Hallowed Grounds,10.25,21,Security,Perimeter Control
734400,Ovan_Bertrand,Coffee Cameleon,19.99,29,Facilities,Facilities Group Manager
734400,Ovan_Bertrand,Guy's Gyros,17.44,29,Facilities,Facilities Group Manager
734400,Ovan_Bertrand,KaterinaÂs CafÃ©,26.6,29,Facilities,Facilities Group Manager
734400,Resumir_Felix,Brew've Been Served,19.47,30,Security,Security Group Manager
734400,Scozzese_Dylan,Abila Scrapyard,1158.36,0,Facilities,Truck Driver
734400,Scozzese_Dylan,Abila Airport,4792.5,0,Facilities,Truck Driver
734400,Scozzese_Dylan,Nationwide Refinery,1322.5,0,Facilities,Truck Driver
734400,Scozzese_Dylan,Stewart and Sons Fabrication,918.6,0,Facilities,Truck Driver
734400,Strum_Orhan,Hippokampos,23.66,32,Executive,SVP/COO
734400,Strum_Orhan,KaterinaÂs CafÃ©,25.85,32,Executive,SVP/COO
734400,Tempestad_Brand,Brew've Been Served,10.71,33,Engineering,Drill Technician
734400,Tempestad_Brand,Hippokampos,27.93,33,Engineering,Drill Technician
734400,Vann_Edvard,Brew've Been Served,5.13,34,Security,Perimeter Control
734400,Vann_Edvard,Gelatogalore,23.45,34,Security,Perimeter Control
734400,Vann_Edvard,General Grocer,285.34,34,Security,Perimeter Control
734400,Vann_Isia,Brew've Been Served,14.85,16,Security,Perimeter Control
734400,Vann_Isia,Guy's Gyros,25.4,16,Security,Perimeter Control
734400,Vann_Isia,Guy's Gyros,31.81,16,Security,Perimeter Control
734400,Vasco-Pais_Willem,Abila Zacharo,8.6,35,Executive,Environmental Safety Advisor
734400,Vasco-Pais_Willem,Hippokampos,9.13,35,Executive,Environmental Safety Advisor
734400,Vasco-Pais_Willem,Jack's Magical Beans,17.43,35,Executive,Environmental Safety Advisor
820800,Alcazar_Lucas,Hallowed Grounds,6.87,1,Information Technology,IT Helpdesk
820800,Azada_Lars,Bean There Done That,15.39,2,Engineering,Engineer
820800,Azada_Lars,Gelatogalore,26.15,2,Engineering,Engineer
820800,Azada_Lars,Hippokampos,28.22,2,Engineering,Engineer
820800,Balas_Felix,Bean There Done That,3.92,3,Engineering,Engineer
820800,Balas_Felix,Guy's Gyros,31.5,3,Engineering,Engineer
820800,Barranco_Ingrid,Brewed Awakenings,13.82,4,Executive,SVP/CFO
820800,Barranco_Ingrid,Hippokampos,10.48,4,Executive,SVP/CFO
820800,Barranco_Ingrid,KaterinaÂs CafÃ©,34.76,4,Executive,SVP/CFO
820800,Baza_Isak,Abila Zacharo,33.33,5,Information Technology,IT Technician
820800,Baza_Isak,Jack's Magical Beans,15.69,5,Information Technology,IT Technician
820800,Baza_Isak,Ouzeri Elian,19.92,5,Information Technology,IT Technician
820800,Bergen_Linnea,Coffee Cameleon,8.51,6,Information Technology,IT Group Manager
820800,Bergen_Linnea,Guy's Gyros,15.93,6,Information Technology,IT Group Manager
820800,Bergen_Linnea,Octavio's Office Supplies,64.51,6,Information Technology,IT Group Manager
820800,Bodrogi_Loreto,Brew've Been Served,14.45,15,Security,Site Control
820800,Bodrogi_Loreto,Ouzeri Elian,35.24,15,Security,Site Control
820800,Borrasca_Isande,Brewed Awakenings,6.17,7,Engineering,Drill Technician
820800,Calixto_Nils,Hallowed Grounds,10.34,8,Information Technology,IT Technician
820800,Calixto_Nils,Ouzeri Elian,25.98,8,Information Technology,IT Technician
820800,Calzas_Axel,Bean There Done That,13.41,9,Engineering,Drill Technician
820800,Calzas_Axel,Ouzeri Elian,15.25,9,Engineering,Drill Technician
820800,Campo-Corrente_Ada,Brewed Awakenings,13.9,10,Executive,SVP/CIO
820800,Campo-Corrente_Ada,Hippokampos,30.63,10,Executive,SVP/CIO
820800,Campo-Corrente_Ada,Hippokampos,17.21,10,Executive,SVP/CIO
820800,Cazar_Gustav,Bean There Done That,18.67,11,Engineering,Hydraulic Technician
820800,Cazar_Gustav,Guy's Gyros,31.05,11,Engineering,Hydraulic Technician
820800,Cocinaro_Hideki,Hallowed Grounds,10.76,12,Security,Site Control
820800,Cocinaro_Hideki,KaterinaÂs CafÃ©,37.62,12,Security,Site Control
820800,Dedos_Lidelse,Abila Zacharo,8.22,14,Engineering,Engineering Group Manager
820800,Dedos_Lidelse,Hallowed Grounds,12.03,14,Engineering,Engineering Group Manager
820800,Ferro_Inga,Abila Zacharo,36.38,13,Security,Site Control
820800,Ferro_Inga,Brew've Been Served,3.03,13,Security,Site Control
820800,Ferro_Inga,Shoppers' Delight,279.53,13,Security,Site Control
820800,Flecha_Sven,Brew've Been Served,3.44,17,Information Technology,IT Technician
820800,Flecha_Sven,Frydos Autosupply n' More,217.08,17,Information Technology,IT Technician
820800,Flecha_Sven,Guy's Gyros,26.68,17,Information Technology,IT Technician
820800,Frente_Birgitta,Hallowed Grounds,8.34,18,Engineering,Geologist
820800,Frente_Birgitta,Ouzeri Elian,30.93,18,Engineering,Geologist
820800,Frente_Vira,Albert's Fine Clothing,126.13,19,Engineering,Hydraulic Technician
820800,Frente_Vira,Bean There Done That,9.3,19,Engineering,Hydraulic Technician
820800,Frente_Vira,KaterinaÂs CafÃ©,25.62,19,Engineering,Hydraulic Technician
820800,Fusil_Stenig,Brew've Been Served,15.85,20,Security,Building Control
820800,Fusil_Stenig,Guy's Gyros,26.76,20,Security,Building Control
820800,Fusil_Stenig,Guy's Gyros,23.61,20,Security,Building Control
820800,Hawelon_Claudio,Carlyle Chemical Inc.,227.81,0,Facilities,Truck Driver
820800,Hawelon_Claudio,Nationwide Refinery,2262.73,0,Facilities,Truck Driver
820800,Hawelon_Claudio,Stewart and Sons Fabrication,4195.49,0,Facilities,Truck Driver
820800,Herrero_Kanon,Brew've Been Served,5.89,22,Security,Badging Office
820800,Lagos_Varja,Brew've Been Served,5.01,23,Security,Badging Office
820800,Lagos_Varja,Kalami Kafenion,35.69,23,Security,Badging Office
820800,Mies_Minke,Brew've Been Served,12.64,24,Security,Perimeter Control
820800,Mies_Minke,General Grocer,227.28,24,Security,Perimeter Control
820800,Mies_Minke,Kalami Kafenion,24.3,24,Security,Perimeter Control
820800,Morluniau_Cecilia,Nationwide Refinery,1552.82,0,Facilities,Truck Driver
820800,Morluniau_Cecilia,Stewart and Sons Fabrication,4074.1,0,Facilities,Truck Driver
820800,Nant_Irene,Carlyle Chemical Inc.,3489.36,0,Facilities,Truck Driver
820800,Nubarron_Adra,KaterinaÂs CafÃ©,24.33,25,Engineering,Geologist
820800,Onda_Marin,Abila Zacharo,36.73,26,Engineering,Drill Site Manager
820800,Onda_Marin,Hallowed Grounds,11.49,26,Engineering,Drill Site Manager
820800,Orilla_Elsa,Jack's Magical Beans,16.29,28,Engineering,Drill Technician
820800,Orilla_Elsa,Kalami Kafenion,101.5,28,Engineering,Drill Technician
820800,Orilla_Kare,Abila Zacharo,16.12,27,Engineering,Drill Technician
820800,Osvaldo_Hennie,Brew've Been Served,13.32,21,Security,Perimeter Control
820800,Osvaldo_Hennie,KaterinaÂs CafÃ©,15.76,21,Security,Perimeter Control
820800,Osvaldo_Hennie,Ouzeri Elian,20.46,21,Security,Perimeter Control
820800,Ovan_Bertrand,Coffee Cameleon,11.54,29,Facilities,Facilities Group Manager
820800,Ovan_Bertrand,Gelatogalore,39.4,29,Facilities,Facilities Group Manager
820800,Ovan_Bertrand,KaterinaÂs CafÃ©,21.89,29,Facilities,Facilities Group Manager
820800,Resumir_Felix,Brew've Been Served,5.31,30,Security,Security Group Manager
820800,Resumir_Felix,Guy's Gyros,29.81,30,Security,Security Group Manager
820800,Resumir_Felix,Hippokampos,39.89,30,Security,Security Group Manager
820800,Strum_Orhan,Guy's Gyros,36.44,32,Executive,SVP/COO
820800,Strum_Orhan,Jack's Magical Beans,5.46,32,Executive,SVP/COO
820800,Tempestad_Brand,Chostus Hotel,113.25,33,Engineering,Drill Technician
820800,Vann_Edvard,Brew've Been Served,17.25,34,Security,Perimeter Control
820800,Vann_Edvard,Guy's Gyros,27.78,34,Security,Perimeter Control
820800,Vann_Edvard,Hippokampos,39.26,34,Security,Perimeter Control
820800,Vann_Edvard,Octavio's Office Supplies,139.72,34,Security,Perimeter Control
820800,Vann_Isia,Brew've Been Served,10.72,16,Security,Perimeter Control
820800,Vann_Isia,KaterinaÂs CafÃ©,25.36,16,Security,Perimeter Control
820800,Vasco-Pais_Willem,Hippokampos,32.01,35,Executive,Environmental Safety Advisor
820800,Vasco-Pais_Willem,Hippokampos,39.97,35,Executive,Environmental Safety Advisor
907200,Azada_Lars,Hippokampos,70.23,2,Engineering,Engineer
907200,Balas_Felix,Hippokampos,67.37,3,Engineering,Engineer
907200,Barranco_Ingrid,Frydos Autosupply n' More,52.73,4,Executive,SVP/CFO
907200,Barranco_Ingrid,Hippokampos,66.21,4,Executive,SVP/CFO
907200,Barranco_Ingrid,Hippokampos,20.87,4,Executive,SVP/CFO
907200,Baza_Isak,Ouzeri Elian,69.36,5,Information Technology,IT Technician
907200,Bergen_Linnea,KaterinaÂs CafÃ©,29.17,6,Information Technology,IT Group Manager
907200,Borrasca_Isande,Abila Zacharo,89.54,7,Engineering,Drill Technician
907200,Borrasca_Isande,KaterinaÂs CafÃ©,57.36,7,Engineering,Drill Technician
907200,Calixto_Nils,KaterinaÂs CafÃ©,12.55,8,Information Technology,IT Technician
907200,Campo-Corrente_Ada,Hippokampos,63.21,10,Executive,SVP/CIO
907200,Cazar_Gustav,KaterinaÂs CafÃ©,23.45,11,Engineering,Hydraulic Technician
907200,Cocinaro_Hideki,Kalami Kafenion,39.36,12,Security,Site Control
907200,Dedos_Lidelse,KaterinaÂs CafÃ©,17.6,14,Engineering,Engineering Group Manager
907200,Ferro_Inga,Kalami Kafenion,23.86,13,Security,Site Control
907200,Flecha_Sven,Guy's Gyros,33.65,17,Information Technology,IT Technician
907200,Frente_Birgitta,Gelatogalore,17.31,18,Engineering,Geologist
907200,Frente_Birgitta,KaterinaÂs CafÃ©,55.67,18,Engineering,Geologist
907200,Frente_Vira,KaterinaÂs CafÃ©,29.1,19,Engineering,Hydraulic Technician
907200,Fusil_Stenig,Guy's Gyros,55.69,20,Security,Building Control
907200,Lagos_Varja,KaterinaÂs CafÃ©,71.65,23,Security,Badging Office
907200,Mies_Minke,Albert's Fine Clothing,211.47,24,Security,Perimeter Control
907200,Mies_Minke,Hippokampos,23.38,24,Security,Perimeter Control
907200,Nubarron_Adra,KaterinaÂs CafÃ©,26.02,25,Engineering,Geologist
907200,Nubarron_Adra,KaterinaÂs CafÃ©,33.18,25,Engineering,Geologist
907200,Onda_Marin,Abila Zacharo,54.82,26,Engineering,Drill Site Manager
907200,Onda_Marin,KaterinaÂs CafÃ©,45.68,26,Engineering,Drill Site Manager
907200,Orilla_Elsa,Kalami Kafenion,50.2,28,Engineering,Drill Technician
907200,Orilla_Kare,KaterinaÂs CafÃ©,27.46,27,Engineering,Drill Technician
907200,Osvaldo_Hennie,KaterinaÂs CafÃ©,9.78,21,Security,Perimeter Control
907200,Ovan_Bertrand,Frydos Autosupply n' More,54.98,29,Facilities,Facilities Group Manager
907200,Resumir_Felix,Abila Zacharo,45.2,30,Security,Security Group Manager
907200,Resumir_Felix,Frydos Autosupply n' More,261.0,30,Security,Security Group Manager
907200,Strum_Orhan,Albert's Fine Clothing,105.33,32,Executive,SVP/COO
907200,Strum_Orhan,KaterinaÂs CafÃ©,45.22,32,Executive,SVP/COO
907200,Tempestad_Brand,Ahaggo Museum,32.14,33,Engineering,Drill Technician
907200,Tempestad_Brand,Hippokampos,32.63,33,Engineering,Drill Technician
907200,Vann_Edvard,Ahaggo Museum,89.32,34,Security,Perimeter Control
907200,Vann_Edvard,Hippokampos,63.21,34,Security,Perimeter Control
907200,Vann_Isia,Guy's Gyros,16.33,16,Security,Perimeter Control
993600,Alcazar_Lucas,Hippokampos,31.99,1,Information Technology,IT Helpdesk
993600,Azada_Lars,Hippokampos,66.63,2,Engineering,Engineer
993600,Balas_Felix,Hippokampos,78.21,3,Engineering,Engineer
993600,Barranco_Ingrid,Desafio Golf Course,160.77,4,Executive,SVP/CFO
993600,Barranco_Ingrid,Hippokampos,63.32,4,Executive,SVP/CFO
993600,Baza_Isak,Ouzeri Elian,55.55,5,Information Technology,IT Technician
993600,Bergen_Linnea,KaterinaÂs CafÃ©,11.81,6,Information Technology,IT Group Manager
993600,Bodrogi_Loreto,Guy's Gyros,34.41,15,Security,Site Control
993600,Borrasca_Isande,Hippokampos,29.41,7,Engineering,Drill Technician
993600,Borrasca_Isande,Kalami Kafenion,26.04,7,Engineering,Drill Technician
993600,Calixto_Nils,Hippokampos,8.54,8,Information Technology,IT Technician
993600,Calixto_Nils,KaterinaÂs CafÃ©,12.64,8,Information Technology,IT Technician
993600,Calzas_Axel,Albert's Fine Clothing,63.36,9,Engineering,Drill Technician
993600,Campo-Corrente_Ada,Desafio Golf Course,198.46,10,Executive,SVP/CIO
993600,Campo-Corrente_Ada,Hippokampos,26.79,10,Executive,SVP/CIO
993600,Campo-Corrente_Ada,Ouzeri Elian,38.55,10,Executive,SVP/CIO
993600,Cazar_Gustav,Hippokampos,27.15,11,Engineering,Hydraulic Technician
993600,Cocinaro_Hideki,Guy's Gyros,42.32,12,Security,Site Control
993600,Dedos_Lidelse,Hippokampos,12.57,14,Engineering,Engineering Group Manager
993600,Dedos_Lidelse,KaterinaÂs CafÃ©,27.09,14,Engineering,Engineering Group Manager
993600,Ferro_Inga,Ouzeri Elian,24.72,13,Security,Site Control
993600,Ferro_Inga,Shoppers' Delight,204.37,13,Security,Site Control
993600,Flecha_Sven,Shoppers' Delight,211.03,17,Information Technology,IT Technician
993600,Frente_Vira,Hippokampos,49.23,19,Engineering,Hydraulic Technician
993600,Fusil_Stenig,Kronos Mart,159.06,20,Security,Building Control
993600,Herrero_Kanon,Shoppers' Delight,86.22,22,Security,Badging Office
993600,Lagos_Varja,Guy's Gyros,42.78,23,Security,Badging Office
993600,Nubarron_Adra,Albert's Fine Clothing,195.81,25,Engineering,Geologist
993600,Nubarron_Adra,Hippokampos,12.55,25,Engineering,Geologist
993600,Onda_Marin,Ouzeri Elian,72.32,26,Engineering,Drill Site Manager
993600,Onda_Marin,Shoppers' Delight,135.78,26,Engineering,Drill Site Manager
993600,Orilla_Elsa,Gelatogalore,36.2,28,Engineering,Drill Technician
993600,Orilla_Kare,Kalami Kafenion,14.59,27,Engineering,Drill Technician
993600,Osvaldo_Hennie,KaterinaÂs CafÃ©,15.37,21,Security,Perimeter Control
993600,Ovan_Bertrand,KaterinaÂs CafÃ©,34.1,29,Facilities,Facilities Group Manager
993600,Ovan_Bertrand,KaterinaÂs CafÃ©,67.14,29,Facilities,Facilities Group Manager
993600,Ovan_Bertrand,Shoppers' Delight,51.5,29,Facilities,Facilities Group Manager
993600,Resumir_Felix,Ahaggo Museum,120.2,30,Security,Security Group Manager
993600,Resumir_Felix,Guy's Gyros,34.74,30,Security,Security Group Manager
993600,Strum_Orhan,Hippokampos,52.21,32,Executive,SVP/COO
993600,Strum_Orhan,Ouzeri Elian,117.22,32,Executive,SVP/COO
993600,Tempestad_Brand,Abila Zacharo,11.2,33,Engineering,Drill Technician
993600,Vasco-Pais_Willem,Desafio Golf Course,129.33,35,Executive,Environmental Safety Advisor
1080000,Alcazar_Lucas,Hallowed Grounds,14.11,1,Information Technology,IT Helpdesk
1080000,Alcazar_Lucas,Hippokampos,30.51,1,Information Technology,IT Helpdesk
1080000,Alcazar_Lucas,Ouzeri Elian,28.75,1,Information Technology,IT Helpdesk
1080000,Azada_Lars,Bean There Done That,7.93,2,Engineering,Engineer
1080000,Azada_Lars,Gelatogalore,36.93,2,Engineering,Engineer
1080000,Azada_Lars,Hippokampos,31.59,2,Engineering,Engineer
1080000,Balas_Felix,Abila Zacharo,11.99,3,Engineering,Engineer
1080000,Balas_Felix,Bean There Done That,18.02,3,Engineering,Engineer
1080000,Barranco_Ingrid,Abila Zacharo,36.14,4,Executive,SVP/CFO
1080000,Barranco_Ingrid,Albert's Fine Clothing,288.0,4,Executive,SVP/CFO
1080000,Barranco_Ingrid,Brewed Awakenings,12.69,4,Executive,SVP/CFO
1080000,Baza_Isak,Jack's Magical Beans,18.31,5,Information Technology,IT Technician
1080000,Baza_Isak,KaterinaÂs CafÃ©,26.15,5,Information Technology,IT Technician
1080000,Bergen_Linnea,Coffee Cameleon,4.88,6,Information Technology,IT Group Manager
1080000,Bergen_Linnea,Hippokampos,35.73,6,Information Technology,IT Group Manager
1080000,Bodrogi_Loreto,Abila Zacharo,36.32,15,Security,Site Control
1080000,Bodrogi_Loreto,Brew've Been Served,12.8,15,Security,Site Control
1080000,Bodrogi_Loreto,Shoppers' Delight,216.43,15,Security,Site Control
1080000,Borrasca_Isande,Brewed Awakenings,16.4,7,Engineering,Drill Technician
1080000,Borrasca_Isande,Guy's Gyros,27.49,7,Engineering,Drill Technician
1080000,Calixto_Nils,Hallowed Grounds,9.16,8,Information Technology,IT Technician
1080000,Calixto_Nils,KaterinaÂs CafÃ©,37.88,8,Information Technology,IT Technician
1080000,Calixto_Nils,KaterinaÂs CafÃ©,15.82,8,Information Technology,IT Technician
1080000,Calzas_Axel,Bean There Done That,19.56,9,Engineering,Drill Technician
1080000,Calzas_Axel,Ouzeri Elian,29.75,9,Engineering,Drill Technician
1080000,Campo-Corrente_Ada,Brewed Awakenings,16.25,10,Executive,SVP/CIO
1080000,Campo-Corrente_Ada,Gelatogalore,26.45,10,Executive,SVP/CIO
1080000,Campo-Corrente_Ada,Hippokampos,31.47,10,Executive,SVP/CIO
1080000,Cazar_Gustav,Abila Zacharo,27.3,11,Engineering,Hydraulic Technician
1080000,Cazar_Gustav,Albert's Fine Clothing,49.48,11,Engineering,Hydraulic Technician
1080000,Cazar_Gustav,Bean There Done That,5.54,11,Engineering,Hydraulic Technician
1080000,Cocinaro_Hideki,Guy's Gyros,33.48,12,Security,Site Control
1080000,Cocinaro_Hideki,Guy's Gyros,37.5,12,Security,Site Control
1080000,Cocinaro_Hideki,Hallowed Grounds,19.18,12,Security,Site Control
1080000,Dedos_Lidelse,Bean There Done That,10.37,14,Engineering,Engineering Group Manager
1080000,Dedos_Lidelse,KaterinaÂs CafÃ©,8.29,14,Engineering,Engineering Group Manager
1080000,Dedos_Lidelse,KaterinaÂs CafÃ©,27.59,14,Engineering,Engineering Group Manager
1080000,Ferro_Inga,Abila Zacharo,17.41,13,Security,Site Control
1080000,Ferro_Inga,Brew've Been Served,6.69,13,Security,Site Control
1080000,Ferro_Inga,Guy's Gyros,15.84,13,Security,Site Control
1080000,Flecha_Sven,Brew've Been Served,8.04,17,Information Technology,IT Technician
1080000,Flecha_Sven,Guy's Gyros,36.89,17,Information Technology,IT Technician
1080000,Flecha_Sven,Hippokampos,31.97,17,Information Technology,IT Technician
1080000,Frente_Birgitta,Bean There Done That,15.24,18,Engineering,Geologist
1080000,Frente_Birgitta,Hippokampos,25.09,18,Engineering,Geologist
1080000,Frente_Vira,Abila Zacharo,23.03,19,Engineering,Hydraulic Technician
1080000,Frente_Vira,Bean There Done That,18.59,19,Engineering,Hydraulic Technician
1080000,Fusil_Stenig,Abila Zacharo,39.95,20,Security,Building Control
1080000,Fusil_Stenig,Brew've Been Served,4.18,20,Security,Building Control
1080000,Hafon_Albina,Carlyle Chemical Inc.,1718.96,0,Facilities,Truck Driver
1080000,Hafon_Albina,Abila Airport,3617.47,0,Facilities,Truck Driver
1080000,Hafon_Albina,Kronos Pipe and Irrigation,2852.74,0,Facilities,Truck Driver
1080000,Hafon_Albina,Maximum Iron and Steel,689.85,0,Facilities,Truck Driver
1080000,Hafon_Albina,Ouzeri Elian,19.82,0,Facilities,Truck Driver
1080000,Herrero_Kanon,Brew've Been Served,11.49,22,Security,Badging Office
1080000,Herrero_Kanon,Guy's Gyros,28.57,22,Security,Badging Office
1080000,Lagos_Varja,Brew've Been Served,18.23,23,Security,Badging Office
1080000,Mies_Henk,Abila Airport,4417.03,0,Facilities,Truck Driver
1080000,Mies_Henk,Abila Airport,2228.08,0,Facilities,Truck Driver
1080000,Mies_Minke,Brew've Been Served,16.05,24,Security,Perimeter Control
1080000,Mies_Minke,Frydos Autosupply n' More,87.57,24,Security,Perimeter Control
1080000,Mies_Minke,Hippokampos,17.17,24,Security,Perimeter Control
1080000,Morluniau_Cecilia,Nationwide Refinery,204.58,0,Facilities,Truck Driver
1080000,Morluniau_Cecilia,Stewart and Sons Fabrication,4071.95,0,Facilities,Truck Driver
1080000,Nubarron_Adra,Coffee Cameleon,17.76,25,Engineering,Geologist
1080000,Nubarron_Adra,Guy's Gyros,37.37,25,Engineering,Geologist
1080000,Nubarron_Adra,KaterinaÂs CafÃ©,35.7,25,Engineering,Geologist
1080000,Onda_Marin,KaterinaÂs CafÃ©,11.36,26,Engineering,Drill Site Manager
1080000,Onda_Marin,Ouzeri Elian,8.32,26,Engineering,Drill Site Manager
1080000,Orilla_Elsa,Abila Zacharo,64.5,28,Engineering,Drill Technician
1080000,Orilla_Elsa,Jack's Magical Beans,5.22,28,Engineering,Drill Technician
1080000,Orilla_Kare,Hallowed Grounds,13.68,27,Engineering,Drill Technician
1080000,Orilla_Kare,KaterinaÂs CafÃ©,24.26,27,Engineering,Drill Technician
1080000,Osvaldo_Hennie,Hallowed Grounds,5.85,21,Security,Perimeter Control
1080000,Osvaldo_Hennie,KaterinaÂs CafÃ©,33.11,21,Security,Perimeter Control
1080000,Ovan_Bertrand,Coffee Cameleon,19.93,29,Facilities,Facilities Group Manager
1080000,Ovan_Bertrand,KaterinaÂs CafÃ©,29.55,29,Facilities,Facilities Group Manager
1080000,Ovan_Bertrand,KaterinaÂs CafÃ©,29.83,29,Facilities,Facilities Group Manager
1080000,Resumir_Felix,Guy's Gyros,12.76,30,Security,Security Group Manager
1080000,Resumir_Felix,Shoppers' Delight,144.4,30,Security,Security Group Manager
1080000,Strum_Orhan,Gelatogalore,32.83,32,Executive,SVP/COO
1080000,Strum_Orhan,Hippokampos,39.63,32,Executive,SVP/COO
1080000,Strum_Orhan,Jack's Magical Beans,9.64,32,Executive,SVP/COO
1080000,Tempestad_Brand,Abila Zacharo,8.72,33,Engineering,Drill Technician
1080000,Tempestad_Brand,Brew've Been Served,8.0,33,Engineering,Drill Technician
1080000,Vann_Edvard,Brew've Been Served,18.71,34,Security,Perimeter Control
1080000,Vann_Edvard,Guy's Gyros,20.47,34,Security,Perimeter Control
1080000,Vann_Edvard,Ouzeri Elian,35.03,34,Security,Perimeter Control
1080000,Vann_Isia,Brew've Been Served,19.64,16,Security,Perimeter Control
1080000,Vann_Isia,Guy's Gyros,22.34,16,Security,Perimeter Control
1080000,Vann_Isia,Hippokampos,39.9,16,Security,Perimeter Control
1080000,Vasco-Pais_Willem,Guy's Gyros,29.25,35,Executive,Environmental Safety Advisor
1080000,Vasco-Pais_Willem,Hippokampos,29.22,35,Executive,Environmental Safety Advisor
1080000,Vasco-Pais_Willem,Jack's Magical Beans,17.52,35,Executive,Environmental Safety Advisor
1166400,Alcazar_Lucas,Kalami Kafenion,16.84,1,Information Technology,IT Helpdesk
1166400,Alcazar_Lucas,Ouzeri Elian,15.94,1,Information Technology,IT Helpdesk
1166400,Azada_Lars,Bean There Done That,7.28,2,Engineering,Engineer
1166400,Azada_Lars,Hippokampos,39.64,2,Engineering,Engineer
1166400,Balas_Felix,Albert's Fine Clothing,228.72,3,Engineering,Engineer
1166400,Balas_Felix,Bean There Done That,19.37,3,Engineering,Engineer
1166400,Balas_Felix,Kalami Kafenion,17.38,3,Engineering,Engineer
1166400,Barranco_Ingrid,Brewed Awakenings,17.14,4,Executive,SVP/CFO
1166400,Baza_Isak,Jack's Magical Beans,13.32,5,Information Technology,IT Technician
1166400,Baza_Isak,Ouzeri Elian,11.86,5,Information Technology,IT Technician
1166400,Bergen_Linnea,Coffee Cameleon,15.63,6,Information Technology,IT Group Manager
1166400,Bergen_Linnea,Hippokampos,36.01,6,Information Technology,IT Group Manager
1166400,Bodrogi_Loreto,Brew've Been Served,6.45,15,Security,Site Control
1166400,Bodrogi_Loreto,Hippokampos,19.07,15,Security,Site Control
1166400,Borrasca_Isande,Brewed Awakenings,8.3,7,Engineering,Drill Technician
1166400,Borrasca_Isande,Chostus Hotel,109.54,7,Engineering,Drill Technician
1166400,Borrasca_Isande,Hippokampos,22.13,7,Engineering,Drill Technician
1166400,Calixto_Nils,Hallowed Grounds,10.75,8,Information Technology,IT Technician
1166400,Calixto_Nils,Hippokampos,18.81,8,Information Technology,IT Technician
1166400,Calixto_Nils,KaterinaÂs CafÃ©,31.8,8,Information Technology,IT Technician
1166400,Calzas_Axel,Gelatogalore,10.98,9,Engineering,Drill Technician
1166400,Calzas_Axel,Hippokampos,10.71,9,Engineering,Drill Technician
1166400,Campo-Corrente_Ada,Brewed Awakenings,11.35,10,Executive,SVP/CIO
1166400,Campo-Corrente_Ada,Hippokampos,23.56,10,Executive,SVP/CIO
1166400,Campo-Corrente_Ada,Kalami Kafenion,15.15,10,Executive,SVP/CIO
1166400,Cazar_Gustav,Bean There Done That,7.82,11,Engineering,Hydraulic Technician
1166400,Cazar_Gustav,Kalami Kafenion,15.27,11,Engineering,Hydraulic Technician
1166400,Cocinaro_Hideki,Guy's Gyros,34.26,12,Security,Site Control
1166400,Cocinaro_Hideki,Hallowed Grounds,13.0,12,Security,Site Control
1166400,Cocinaro_Hideki,Ouzeri Elian,22.3,12,Security,Site Control
1166400,Dedos_Lidelse,Guy's Gyros,16.35,14,Engineering,Engineering Group Manager
1166400,Dedos_Lidelse,Hallowed Grounds,19.99,14,Engineering,Engineering Group Manager
1166400,Dedos_Lidelse,KaterinaÂs CafÃ©,12.65,14,Engineering,Engineering Group Manager
1166400,Ferro_Inga,Brew've Been Served,11.94,13,Security,Site Control
1166400,Ferro_Inga,Guy's Gyros,25.28,13,Security,Site Control
1166400,Ferro_Inga,KaterinaÂs CafÃ©,33.54,13,Security,Site Control
1166400,Flecha_Sven,Brew've Been Served,8.24,17,Information Technology,IT Technician
1166400,Flecha_Sven,Gelatogalore,27.26,17,Information Technology,IT Technician
1166400,Flecha_Sven,Guy's Gyros,12.96,17,Information Technology,IT Technician
1166400,Frente_Birgitta,Guy's Gyros,38.26,18,Engineering,Geologist
1166400,Frente_Birgitta,Hallowed Grounds,10.21,18,Engineering,Geologist
1166400,Frente_Birgitta,KaterinaÂs CafÃ©,18.35,18,Engineering,Geologist
1166400,Frente_Vira,Bean There Done That,5.9,19,Engineering,Hydraulic Technician
1166400,Frente_Vira,KaterinaÂs CafÃ©,10.03,19,Engineering,Hydraulic Technician
1166400,Fusil_Stenig,Abila Zacharo,8.41,20,Security,Building Control
1166400,Fusil_Stenig,Brew've Been Served,3.66,20,Security,Building Control
1166400,Hawelon_Benito,Abila Airport,2369.56,0,Facilities,Truck Driver
1166400,Hawelon_Benito,Nationwide Refinery,1301.01,0,Facilities,Truck Driver
1166400,Hawelon_Benito,Stewart and Sons Fabrication,540.19,0,Facilities,Truck Driver
1166400,Herrero_Kanon,Brew've Been Served,3.21,22,Security,Badging Office
1166400,Lagos_Varja,Albert's Fine Clothing,50.77,23,Security,Badging Office
1166400,Lagos_Varja,Brew've Been Served,10.96,23,Security,Badging Office
1166400,Lagos_Varja,Ouzeri Elian,27.32,23,Security,Badging Office
1166400,Mies_Henk,Abila Airport,228.41,0,Facilities,Truck Driver
1166400,Mies_Henk,Abila Airport,4898.39,0,Facilities,Truck Driver
1166400,Mies_Minke,Abila Zacharo,24.87,24,Security,Perimeter Control
1166400,Mies_Minke,Brewed Awakenings,12.74,24,Security,Perimeter Control
1166400,Mies_Minke,Frydos Autosupply n' More,42.72,24,Security,Perimeter Control
1166400,Morlun_Valeria,Carlyle Chemical Inc.,3630.57,0,Facilities,Truck Driver
1166400,Morlun_Valeria,Carlyle Chemical Inc.,794.88,0,Facilities,Truck Driver
1166400,Morlun_Valeria,Carlyle Chemical Inc.,3470.99,0,Facilities,Truck Driver
1166400,Morlun_Valeria,Nationwide Refinery,570.95,0,Facilities,Truck Driver
1166400,Morluniau_Cecilia,Nationwide Refinery,965.72,0,Facilities,Truck Driver
1166400,Morluniau_Cecilia,Stewart and Sons Fabrication,278.52,0,Facilities,Truck Driver
1166400,Nubarron_Adra,Coffee Cameleon,7.84,25,Engineering,Geologist
1166400,Onda_Marin,Abila Zacharo,10.24,26,Engineering,Drill Site Manager
1166400,Onda_Marin,Hallowed Grounds,4.59,26,Engineering,Drill Site Manager
1166400,Orilla_Elsa,Guy's Gyros,50.4,28,Engineering,Drill Technician
1166400,Orilla_Elsa,Jack's Magical Beans,3.36,28,Engineering,Drill Technician
1166400,Orilla_Kare,Kalami Kafenion,23.1,27,Engineering,Drill Technician
1166400,Orilla_Kare,KaterinaÂs CafÃ©,11.89,27,Engineering,Drill Technician
1166400,Osvaldo_Hennie,Abila Zacharo,15.26,21,Security,Perimeter Control
1166400,Osvaldo_Hennie,Brew've Been Served,16.53,21,Security,Perimeter Control
1166400,Osvaldo_Hennie,Roberts and Sons,203.81,21,Security,Perimeter Control
1166400,Ovan_Bertrand,Coffee Cameleon,9.8,29,Facilities,Facilities Group Manager
1166400,Ovan_Bertrand,KaterinaÂs CafÃ©,15.46,29,Facilities,Facilities Group Manager
1166400,Ovan_Bertrand,KaterinaÂs CafÃ©,36.95,29,Facilities,Facilities Group Manager
1166400,Resumir_Felix,Brew've Been Served,12.31,30,Security,Security Group Manager
1166400,Resumir_Felix,Frydos Autosupply n' More,146.74,30,Security,Security Group Manager
1166400,Resumir_Felix,Hippokampos,17.18,30,Security,Security Group Manager
1166400,Scozzese_Dylan,Abila Scrapyard,4277.4,0,Facilities,Truck Driver
1166400,Scozzese_Dylan,Abila Airport,3339.21,0,Facilities,Truck Driver
1166400,Scozzese_Dylan,Nationwide Refinery,4429.76,0,Facilities,Truck Driver
1166400,Strum_Orhan,Jack's Magical Beans,15.7,32,Executive,SVP/COO
1166400,Strum_Orhan,KaterinaÂs CafÃ©,29.12,32,Executive,SVP/COO
1166400,Tempestad_Brand,Brew've Been Served,5.87,33,Engineering,Drill Technician
1166400,Tempestad_Brand,Chostus Hotel,113.08,33,Engineering,Drill Technician
1166400,Vann_Edvard,Brew've Been Served,4.72,34,Security,Perimeter Control
1166400,Vann_Edvard,Guy's Gyros,23.59,34,Security,Perimeter Control
1166400,Vann_Edvard,KaterinaÂs CafÃ©,29.1,34,Security,Perimeter Control
1166400,Vann_Isia,Brew've Been Served,7.31,16,Security,Perimeter Control
1166400,Vann_Isia,Guy's Gyros,26.14,16,Security,Perimeter Control
1166400,Vann_Isia,KaterinaÂs CafÃ©,20.95,16,Security,Perimeter Control
1166400,Vasco-Pais_Willem,Gelatogalore,39.17,35,Executive,Environmental Safety Advisor
1166400,Vasco-Pais_Willem,Hippokampos,9.55,35,Executive,Environmental Safety Advisor
1166400,Vasco-Pais_Willem,Jack's Magical Beans,18.08,35,Executive,Environmental Safety Advisor
1252800,Alcazar_Lucas,Hallowed Grounds,15.86,1,Information Technology,IT Helpdesk
1252800,Alcazar_Lucas,Ouzeri Elian,24.81,1,Information Technology,IT Helpdesk
1252800,Alcazar_Lucas,Ouzeri Elian,32.95,1,Information Technology,IT Helpdesk
1252800,Azada_Lars,Guy's Gyros,14.37,2,Engineering,Engineer
1252800,Balas_Felix,Abila Zacharo,8.83,3,Engineering,Engineer
1252800,Balas_Felix,Bean There Done That,5.34,3,Engineering,Engineer
1252800,Balas_Felix,Hippokampos,35.12,3,Engineering,Engineer
1252800,Barranco_Ingrid,Abila Zacharo,23.51,4,Executive,SVP/CFO
1252800,Barranco_Ingrid,Brewed Awakenings,15.75,4,Executive,SVP/CFO
1252800,Baza_Isak,Hippokampos,13.0,5,Information Technology,IT Technician
1252800,Baza_Isak,Ouzeri Elian,23.18,5,Information Technology,IT Technician
1252800,Bergen_Linnea,Coffee Cameleon,5.49,6,Information Technology,IT Group Manager
1252800,Bergen_Linnea,KaterinaÂs CafÃ©,13.77,6,Information Technology,IT Group Manager
1252800,Bergen_Linnea,Ouzeri Elian,8.93,6,Information Technology,IT Group Manager
1252800,Bodrogi_Loreto,Brew've Been Served,15.58,15,Security,Site Control
1252800,Bodrogi_Loreto,Gelatogalore,31.21,15,Security,Site Control
1252800,Bodrogi_Loreto,Guy's Gyros,21.43,15,Security,Site Control
1252800,Borrasca_Isande,Brewed Awakenings,11.62,7,Engineering,Drill Technician
1252800,Borrasca_Isande,Frydos Autosupply n' More,18.91,7,Engineering,Drill Technician
1252800,Borrasca_Isande,Hippokampos,22.61,7,Engineering,Drill Technician
1252800,Calixto_Nils,Abila Zacharo,31.0,8,Information Technology,IT Technician
1252800,Calzas_Axel,Bean There Done That,13.13,9,Engineering,Drill Technician
1252800,Calzas_Axel,Hippokampos,32.4,9,Engineering,Drill Technician
1252800,Calzas_Axel,Hippokampos,16.37,9,Engineering,Drill Technician
1252800,Campo-Corrente_Ada,Brewed Awakenings,3.62,10,Executive,SVP/CIO
1252800,Campo-Corrente_Ada,Hippokampos,36.7,10,Executive,SVP/CIO
1252800,Campo-Corrente_Ada,Shoppers' Delight,102.0,10,Executive,SVP/CIO
1252800,Cazar_Gustav,Bean There Done That,18.96,11,Engineering,Hydraulic Technician
1252800,Cazar_Gustav,Hippokampos,10.35,11,Engineering,Hydraulic Technician
1252800,Cazar_Gustav,Ouzeri Elian,36.47,11,Engineering,Hydraulic Technician
1252800,Cocinaro_Hideki,Hallowed Grounds,12.17,12,Security,Site Control
1252800,Cocinaro_Hideki,Kronos Mart,258.83,12,Security,Site Control
1252800,Cocinaro_Hideki,Ouzeri Elian,22.86,12,Security,Site Control
1252800,Dedos_Lidelse,Kalami Kafenion,26.17,14,Engineering,Engineering Group Manager
1252800,Ferro_Inga,Brew've Been Served,6.58,13,Security,Site Control
1252800,Ferro_Inga,Gelatogalore,39.4,13,Security,Site Control
1252800,Ferro_Inga,General Grocer,106.2,13,Security,Site Control
1252800,Flecha_Sven,Brew've Been Served,3.71,17,Information Technology,IT Technician
1252800,Frente_Birgitta,Guy's Gyros,25.58,18,Engineering,Geologist
1252800,Frente_Birgitta,Hallowed Grounds,5.28,18,Engineering,Geologist
1252800,Frente_Birgitta,KaterinaÂs CafÃ©,11.45,18,Engineering,Geologist
1252800,Frente_Vira,Bean There Done That,15.24,19,Engineering,Hydraulic Technician
1252800,Frente_Vira,Hippokampos,21.14,19,Engineering,Hydraulic Technician
1252800,Frente_Vira,Kalami Kafenion,27.86,19,Engineering,Hydraulic Technician
1252800,Fusil_Stenig,Brew've Been Served,15.5,20,Security,Building Control
1252800,Fusil_Stenig,Guy's Gyros,36.35,20,Security,Building Control
1252800,Herrero_Kanon,Brew've Been Served,11.23,22,Security,Badging Office
1252800,Herrero_Kanon,Guy's Gyros,27.01,22,Security,Badging Office
1252800,Lagos_Varja,Brew've Been Served,14.06,23,Security,Badging Office
1252800,Lagos_Varja,Guy's Gyros,18.04,23,Security,Badging Office
1252800,Lagos_Varja,Ouzeri Elian,12.9,23,Security,Badging Office
1252800,Mies_Henk,Abila Airport,3152.41,0,Facilities,Truck Driver
1252800,Mies_Henk,Abila Airport,875.87,0,Facilities,Truck Driver
1252800,Mies_Minke,Brew've Been Served,9.7,24,Security,Perimeter Control
1252800,Mies_Minke,Guy's Gyros,31.04,24,Security,Perimeter Control
1252800,Mies_Minke,Hippokampos,38.23,24,Security,Perimeter Control
1252800,Morlun_Adan,Stewart and Sons Fabrication,4485.38,0,Facilities,Truck Driver
1252800,Morlun_Valeria,Carlyle Chemical Inc.,3608.08,0,Facilities,Truck Driver
1252800,Morlun_Valeria,Carlyle Chemical Inc.,1112.04,0,Facilities,Truck Driver
1252800,Morlun_Valeria,Carlyle Chemical Inc.,1392.73,0,Facilities,Truck Driver
1252800,Morlun_Valeria,KaterinaÂs CafÃ©,24.15,0,Facilities,Truck Driver
1252800,Morlun_Valeria,Nationwide Refinery,3004.98,0,Facilities,Truck Driver
1252800,Morluniau_Cecilia,Nationwide Refinery,1391.24,0,Facilities,Truck Driver
1252800,Nant_Irene,Kronos Pipe and Irrigation,2564.0,0,Facilities,Truck Driver
1252800,Nant_Irene,Maximum Iron and Steel,4788.22,0,Facilities,Truck Driver
1252800,Nubarron_Adra,Coffee Cameleon,19.93,25,Engineering,Geologist
1252800,Nubarron_Adra,Guy's Gyros,15.89,25,Engineering,Geologist
1252800,Onda_Marin,KaterinaÂs CafÃ©,12.12,26,Engineering,Drill Site Manager
1252800,Onda_Marin,KaterinaÂs CafÃ©,39.63,26,Engineering,Drill Site Manager
1252800,Orilla_Elsa,Jack's Magical Beans,5.3,28,Engineering,Drill Technician
1252800,Orilla_Elsa,KaterinaÂs CafÃ©,55.6,28,Engineering,Drill Technician
1252800,Orilla_Elsa,Ouzeri Elian,28.86,28,Engineering,Drill Technician
1252800,Orilla_Kare,Abila Zacharo,24.53,27,Engineering,Drill Technician
1252800,Orilla_Kare,Hallowed Grounds,14.33,27,Engineering,Drill Technician
1252800,Orilla_Kare,KaterinaÂs CafÃ©,39.23,27,Engineering,Drill Technician
1252800,Osvaldo_Hennie,Brew've Been Served,11.47,21,Security,Perimeter Control
1252800,Ovan_Bertrand,Abila Zacharo,33.8,29,Facilities,Facilities Group Manager
1252800,Ovan_Bertrand,Coffee Cameleon,14.47,29,Facilities,Facilities Group Manager
1252800,Ovan_Bertrand,KaterinaÂs CafÃ©,27.48,29,Facilities,Facilities Group Manager
1252800,Resumir_Felix,Brew've Been Served,18.58,30,Security,Security Group Manager
1252800,Resumir_Felix,Kalami Kafenion,28.82,30,Security,Security Group Manager
1252800,Strum_Orhan,Hippokampos,37.16,32,Executive,SVP/COO
1252800,Strum_Orhan,Jack's Magical Beans,4.06,32,Executive,SVP/COO
1252800,Strum_Orhan,Kalami Kafenion,22.39,32,Executive,SVP/COO
1252800,Tempestad_Brand,Brew've Been Served,19.87,33,Engineering,Drill Technician
1252800,Tempestad_Brand,Frydos Autosupply n' More,235.27,33,Engineering,Drill Technician
1252800,Tempestad_Brand,Hippokampos,38.89,33,Engineering,Drill Technician
1252800,Vann_Edvard,Brew've Been Served,4.92,34,Security,Perimeter Control
1252800,Vann_Edvard,General Grocer,137.65,34,Security,Perimeter Control
1252800,Vann_Edvard,Guy's Gyros,19.8,34,Security,Perimeter Control
1252800,Vann_Isia,Guy's Gyros,29.34,16,Security,Perimeter Control
1252800,Vann_Isia,Guy's Gyros,28.75,16,Security,Perimeter Control
1252800,Vasco-Pais_Willem,Gelatogalore,9.61,35,Executive,Environmental Safety Advisor
1252800,Vasco-Pais_Willem,General Grocer,83.11,35,Executive,Environmental Safety Advisor
1252800,Vasco-Pais_Willem,Jack's Magical Beans,19.54,35,Executive,Environmental Safety Advisor
1339200,Alcazar_Lucas,Guy's Gyros,10.27,1,Information Technology,IT Helpdesk
1339200,Alcazar_Lucas,Hallowed Grounds,12.19,1,Information Technology,IT Helpdesk
1339200,Alcazar_Lucas,Ouzeri Elian,9.91,1,Information Technology,IT Helpdesk
1339200,Azada_Lars,Bean There Done That,19.82,2,Engineering,Engineer
1339200,Azada_Lars,Hippokampos,31.14,2,Engineering,Engineer
1339200,Azada_Lars,Kronos Mart,286.24,2,Engineering,Engineer
1339200,Balas_Felix,Bean There Done That,12.33,3,Engineering,Engineer
1339200,Balas_Felix,Hippokampos,10.55,3,Engineering,Engineer
1339200,Balas_Felix,Kalami Kafenion,31.38,3,Engineering,Engineer
1339200,Barranco_Ingrid,Hippokampos,20.84,4,Executive,SVP/CFO
1339200,Barranco_Ingrid,KaterinaÂs CafÃ©,27.82,4,Executive,SVP/CFO
1339200,Baza_Isak,Hippokampos,36.17,5,Information Technology,IT Technician
1339200,Baza_Isak,Jack's Magical Beans,9.12,5,Information Technology,IT Technician
1339200,Baza_Isak,Ouzeri Elian,23.89,5,Information Technology,IT Technician
1339200,Bergen_Linnea,Coffee Cameleon,5.2,6,Information Technology,IT Group Manager
1339200,Bergen_Linnea,Hippokampos,16.53,6,Information Technology,IT Group Manager
1339200,Bergen_Linnea,KaterinaÂs CafÃ©,36.32,6,Information Technology,IT Group Manager
1339200,Bodrogi_Loreto,Brew've Been Served,5.82,15,Security,Site Control
1339200,Bodrogi_Loreto,Ouzeri Elian,12.47,15,Security,Site Control
1339200,Borrasca_Isande,Brewed Awakenings,6.53,7,Engineering,Drill Technician
1339200,Borrasca_Isande,Hippokampos,10.38,7,Engineering,Drill Technician
1339200,Calixto_Nils,Guy's Gyros,31.48,8,Information Technology,IT Technician
1339200,Calixto_Nils,Hallowed Grounds,13.84,8,Information Technology,IT Technician
1339200,Calixto_Nils,KaterinaÂs CafÃ©,10.93,8,Information Technology,IT Technician
1339200,Calzas_Axel,Bean There Done That,5.56,9,Engineering,Drill Technician
1339200,Calzas_Axel,Guy's Gyros,32.8,9,Engineering,Drill Technician
1339200,Calzas_Axel,Shoppers' Delight,100.69,9,Engineering,Drill Technician
1339200,Campo-Corrente_Ada,Brewed Awakenings,6.39,10,Executive,SVP/CIO
1339200,Campo-Corrente_Ada,Hippokampos,17.66,10,Executive,SVP/CIO
1339200,Cazar_Gustav,Hippokampos,14.89,11,Engineering,Hydraulic Technician
1339200,Cazar_Gustav,Hippokampos,29.13,11,Engineering,Hydraulic Technician
1339200,Cocinaro_Hideki,Guy's Gyros,11.31,12,Security,Site Control
1339200,Cocinaro_Hideki,Hallowed Grounds,18.2,12,Security,Site Control
1339200,Dedos_Lidelse,Frydos Autosupply n' More,53.37,14,Engineering,Engineering Group Manager
1339200,Dedos_Lidelse,Gelatogalore,32.4,14,Engineering,Engineering Group Manager
1339200,Dedos_Lidelse,Hallowed Grounds,7.22,14,Engineering,Engineering Group Manager
1339200,Ferro_Inga,Albert's Fine Clothing,91.71,13,Security,Site Control
1339200,Ferro_Inga,Brew've Been Served,16.9,13,Security,Site Control
1339200,Ferro_Inga,Guy's Gyros,29.7,13,Security,Site Control
1339200,Flecha_Sven,Brew've Been Served,7.31,17,Information Technology,IT Technician
1339200,Flecha_Sven,Guy's Gyros,25.57,17,Information Technology,IT Technician
1339200,Flecha_Sven,Kalami Kafenion,8.86,17,Information Technology,IT Technician
1339200,Frente_Birgitta,Hallowed Grounds,4.98,18,Engineering,Geologist
1339200,Frente_Birgitta,Hippokampos,29.93,18,Engineering,Geologist
1339200,Frente_Birgitta,KaterinaÂs CafÃ©,13.91,18,Engineering,Geologist
1339200,Frente_Vira,Bean There Done That,17.4,19,Engineering,Hydraulic Technician
1339200,Frente_Vira,Hippokampos,34.0,19,Engineering,Hydraulic Technician
1339200,Frente_Vira,Kalami Kafenion,26.32,19,Engineering,Hydraulic Technician
1339200,Fusil_Stenig,Brew've Been Served,12.83,20,Security,Building Control
1339200,Fusil_Stenig,Guy's Gyros,13.48,20,Security,Building Control
1339200,Fusil_Stenig,Guy's Gyros,30.76,20,Security,Building Control
1339200,Hawelon_Benito,Abila Airport,1676.53,0,Facilities,Truck Driver
1339200,Hawelon_Benito,Nationwide Refinery,2047.28,0,Facilities,Truck Driver
1339200,Hawelon_Benito,Stewart and Sons Fabrication,860.3,0,Facilities,Truck Driver
1339200,Herrero_Kanon,Brew've Been Served,12.67,22,Security,Badging Office
1339200,Herrero_Kanon,Shoppers' Delight,16.84,22,Security,Badging Office
1339200,Lagos_Varja,Brew've Been Served,19.9,23,Security,Badging Office
1339200,Lagos_Varja,Guy's Gyros,8.31,23,Security,Badging Office
1339200,Lagos_Varja,KaterinaÂs CafÃ©,34.02,23,Security,Badging Office
1339200,Mies_Henk,Abila Airport,3917.3,0,Facilities,Truck Driver
1339200,Mies_Henk,Abila Airport,3032.97,0,Facilities,Truck Driver
1339200,Mies_Minke,Brew've Been Served,17.44,24,Security,Perimeter Control
1339200,Mies_Minke,Gelatogalore,10.62,24,Security,Perimeter Control
1339200,Mies_Minke,Roberts and Sons,155.76,24,Security,Perimeter Control
1339200,Morlun_Valeria,Carlyle Chemical Inc.,419.93,0,Facilities,Truck Driver
1339200,Morlun_Valeria,Carlyle Chemical Inc.,1814.24,0,Facilities,Truck Driver
1339200,Morlun_Valeria,KaterinaÂs CafÃ©,34.9,0,Facilities,Truck Driver
1339200,Morlun_Valeria,Nationwide Refinery,4742.67,0,Facilities,Truck Driver
1339200,Morluniau_Cecilia,Nationwide Refinery,1494.44,0,Facilities,Truck Driver
1339200,Morluniau_Cecilia,Stewart and Sons Fabrication,4543.31,0,Facilities,Truck Driver
1339200,Nubarron_Adra,KaterinaÂs CafÃ©,19.44,25,Engineering,Geologist
1339200,Orilla_Elsa,Abila Zacharo,64.71,28,Engineering,Drill Technician
1339200,Orilla_Elsa,Jack's Magical Beans,14.86,28,Engineering,Drill Technician
1339200,Orilla_Elsa,Ouzeri Elian,29.99,28,Engineering,Drill Technician
1339200,Orilla_Kare,Hallowed Grounds,17.74,27,Engineering,Drill Technician
1339200,Orilla_Kare,Kalami Kafenion,11.83,27,Engineering,Drill Technician
1339200,Orilla_Kare,KaterinaÂs CafÃ©,34.58,27,Engineering,Drill Technician
1339200,Osvaldo_Hennie,Gelatogalore,22.19,21,Security,Perimeter Control
1339200,Osvaldo_Hennie,Hallowed Grounds,12.61,21,Security,Perimeter Control
1339200,Osvaldo_Hennie,KaterinaÂs CafÃ©,10.84,21,Security,Perimeter Control
1339200,Ovan_Bertrand,Abila Zacharo,31.31,29,Facilities,Facilities Group Manager
1339200,Ovan_Bertrand,Coffee Cameleon,7.19,29,Facilities,Facilities Group Manager
1339200,Ovan_Bertrand,KaterinaÂs CafÃ©,14.34,29,Facilities,Facilities Group Manager
1339200,Resumir_Felix,Abila Zacharo,8.43,30,Security,Security Group Manager
1339200,Resumir_Felix,Guy's Gyros,28.27,30,Security,Security Group Manager
1339200,Scozzese_Dylan,Abila Scrapyard,1897.05,0,Facilities,Truck Driver
1339200,Scozzese_Dylan,Abila Airport,3138.98,0,Facilities,Truck Driver
1339200,Strum_Orhan,Jack's Magical Beans,12.56,32,Executive,SVP/COO
1339200,Tempestad_Brand,Guy's Gyros,31.31,33,Engineering,Drill Technician
1339200,Tempestad_Brand,KaterinaÂs CafÃ©,11.08,33,Engineering,Drill Technician
1339200,Vann_Edvard,Brew've Been Served,4.7,34,Security,Perimeter Control
1339200,Vann_Edvard,Guy's Gyros,37.8,34,Security,Perimeter Control
1339200,Vann_Isia,Brew've Been Served,8.18,16,Security,Perimeter Control
1339200,Vann_Isia,Hippokampos,18.18,16,Security,Perimeter Control
1339200,Vann_Isia,Roberts and Sons,240.66,16,Security,Perimeter Control
1339200,Vasco-Pais_Willem,Gelatogalore,12.33,35,Executive,Environmental Safety Advisor
1339200,Vasco-Pais_Willem,Jack's Magical Beans,6.95,35,Executive,Environmental Safety Advisor
1425600,Alcazar_Lucas,Hallowed Grounds,9.4,1,Information Technology,IT Helpdesk
1425600,Alcazar_Lucas,Ouzeri Elian,35.81,1,Information Technology,IT Helpdesk
1425600,Azada_Lars,Bean There Done That,19.67,2,Engineering,Engineer
1425600,Balas_Felix,Bean There Done That,8.21,3,Engineering,Engineer
1425600,Balas_Felix,Gelatogalore,23.23,3,Engineering,Engineer
1425600,Balas_Felix,Hippokampos,12.86,3,Engineering,Engineer
1425600,Barranco_Ingrid,Brewed Awakenings,8.16,4,Executive,SVP/CFO
1425600,Barranco_Ingrid,Guy's Gyros,8.64,4,Executive,SVP/CFO
1425600,Barranco_Ingrid,Hippokampos,11.93,4,Executive,SVP/CFO
1425600,Baza_Isak,Jack's Magical Beans,7.57,5,Information Technology,IT Technician
1425600,Baza_Isak,Ouzeri Elian,38.6,5,Information Technology,IT Technician
1425600,Bergen_Linnea,Coffee Cameleon,6.81,6,Information Technology,IT Group Manager
1425600,Bergen_Linnea,Kalami Kafenion,140.78,6,Information Technology,IT Group Manager
1425600,Bergen_Linnea,KaterinaÂs CafÃ©,19.09,6,Information Technology,IT Group Manager
1425600,Bodrogi_Loreto,Brew've Been Served,3.09,15,Security,Site Control
1425600,Bodrogi_Loreto,Guy's Gyros,39.14,15,Security,Site Control
1425600,Bodrogi_Loreto,Guy's Gyros,8.54,15,Security,Site Control
1425600,Borrasca_Isande,Brewed Awakenings,8.69,7,Engineering,Drill Technician
1425600,Borrasca_Isande,Chostus Hotel,119.62,7,Engineering,Drill Technician
1425600,Borrasca_Isande,Hippokampos,8.92,7,Engineering,Drill Technician
1425600,Calixto_Nils,Hallowed Grounds,14.58,8,Information Technology,IT Technician
1425600,Calixto_Nils,KaterinaÂs CafÃ©,32.13,8,Information Technology,IT Technician
1425600,Calzas_Axel,Bean There Done That,19.56,9,Engineering,Drill Technician
1425600,Calzas_Axel,Hippokampos,10.14,9,Engineering,Drill Technician
1425600,Campo-Corrente_Ada,Abila Zacharo,8.78,10,Executive,SVP/CIO
1425600,Campo-Corrente_Ada,Brewed Awakenings,6.0,10,Executive,SVP/CIO
1425600,Campo-Corrente_Ada,Hippokampos,14.93,10,Executive,SVP/CIO
1425600,Cazar_Gustav,Albert's Fine Clothing,39.41,11,Engineering,Hydraulic Technician
1425600,Cazar_Gustav,Bean There Done That,18.72,11,Engineering,Hydraulic Technician
1425600,Cazar_Gustav,KaterinaÂs CafÃ©,13.11,11,Engineering,Hydraulic Technician
1425600,Cocinaro_Hideki,General Grocer,78.03,12,Security,Site Control
1425600,Cocinaro_Hideki,Kalami Kafenion,27.73,12,Security,Site Control
1425600,Dedos_Lidelse,Hallowed Grounds,18.6,14,Engineering,Engineering Group Manager
1425600,Dedos_Lidelse,Kalami Kafenion,20.02,14,Engineering,Engineering Group Manager
1425600,Ferro_Inga,Brew've Been Served,15.46,13,Security,Site Control
1425600,Ferro_Inga,Gelatogalore,34.59,13,Security,Site Control
1425600,Ferro_Inga,Guy's Gyros,8.31,13,Security,Site Control
1425600,Flecha_Sven,Brew've Been Served,12.56,17,Information Technology,IT Technician
1425600,Flecha_Sven,Shoppers' Delight,155.01,17,Information Technology,IT Technician
1425600,Frente_Birgitta,Hallowed Grounds,15.98,18,Engineering,Geologist
1425600,Frente_Birgitta,Hippokampos,28.35,18,Engineering,Geologist
1425600,Frente_Vira,Abila Zacharo,21.21,19,Engineering,Hydraulic Technician
1425600,Frente_Vira,Bean There Done That,5.77,19,Engineering,Hydraulic Technician
1425600,Fusil_Stenig,Coffee Cameleon,9.16,20,Security,Building Control
1425600,Fusil_Stenig,Guy's Gyros,19.68,20,Security,Building Control
1425600,Fusil_Stenig,Hippokampos,15.77,20,Security,Building Control
1425600,Herrero_Kanon,Brew've Been Served,11.04,22,Security,Badging Office
1425600,Herrero_Kanon,Shoppers' Delight,269.33,22,Security,Badging Office
1425600,Lagos_Varja,Brew've Been Served,13.66,23,Security,Badging Office
1425600,Lagos_Varja,Guy's Gyros,22.18,23,Security,Badging Office
1425600,Lagos_Varja,Guy's Gyros,37.55,23,Security,Badging Office
1425600,Mies_Minke,Guy's Gyros,15.4,24,Security,Perimeter Control
1425600,Mies_Minke,KaterinaÂs CafÃ©,35.52,24,Security,Perimeter Control
1425600,Morluniau_Cecilia,Stewart and Sons Fabrication,1753.17,0,Facilities,Truck Driver
1425600,Nubarron_Adra,Abila Zacharo,14.51,25,Engineering,Geologist
1425600,Nubarron_Adra,Coffee Cameleon,14.57,25,Engineering,Geologist
1425600,Nubarron_Adra,KaterinaÂs CafÃ©,38.21,25,Engineering,Geologist
1425600,Onda_Marin,Hallowed Grounds,3.25,26,Engineering,Drill Site Manager
1425600,Onda_Marin,KaterinaÂs CafÃ©,21.22,26,Engineering,Drill Site Manager
1425600,Orilla_Elsa,Hippokampos,52.31,28,Engineering,Drill Technician
1425600,Orilla_Elsa,Jack's Magical Beans,19.11,28,Engineering,Drill Technician
1425600,Orilla_Elsa,Ouzeri Elian,10.21,28,Engineering,Drill Technician
1425600,Orilla_Kare,Gelatogalore,21.62,27,Engineering,Drill Technician
1425600,Orilla_Kare,Hallowed Grounds,18.22,27,Engineering,Drill Technician
1425600,Orilla_Kare,KaterinaÂs CafÃ©,22.18,27,Engineering,Drill Technician
1425600,Osvaldo_Hennie,Brew've Been Served,16.62,21,Security,Perimeter Control
1425600,Osvaldo_Hennie,KaterinaÂs CafÃ©,27.49,21,Security,Perimeter Control
1425600,Ovan_Bertrand,Coffee Cameleon,10.27,29,Facilities,Facilities Group Manager
1425600,Ovan_Bertrand,KaterinaÂs CafÃ©,21.01,29,Facilities,Facilities Group Manager
1425600,Resumir_Felix,Brew've Been Served,5.29,30,Security,Security Group Manager
1425600,Resumir_Felix,Guy's Gyros,16.83,30,Security,Security Group Manager
1425600,Sanjorge Jr._Sten,Abila Zacharo,15.95,31,Executive,President/CEO
1425600,Sanjorge Jr._Sten,Hallowed Grounds,9.72,31,Executive,President/CEO
1425600,Strum_Orhan,Gelatogalore,15.84,32,Executive,SVP/COO
1425600,Tempestad_Brand,Brew've Been Served,12.3,33,Engineering,Drill Technician
1425600,Tempestad_Brand,Chostus Hotel,114.22,33,Engineering,Drill Technician
1425600,Tempestad_Brand,Guy's Gyros,29.71,33,Engineering,Drill Technician
1425600,Vann_Edvard,Brew've Been Served,19.39,34,Security,Perimeter Control
1425600,Vann_Edvard,Guy's Gyros,35.1,34,Security,Perimeter Control
1425600,Vann_Edvard,Hippokampos,14.57,34,Security,Perimeter Control
1425600,Vann_Isia,Abila Zacharo,39.67,16,Security,Perimeter Control
1425600,Vann_Isia,Brew've Been Served,10.52,16,Security,Perimeter Control
1425600,Vasco-Pais_Willem,Hippokampos,38.19,35,Executive,Environmental Safety Advisor
1425600,Vasco-Pais_Willem,Kalami Kafenion,25.32,35,Executive,Environmental Safety Advisor
1512000,Alcazar_Lucas,Abila Zacharo,16.59,1,Information Technology,IT Helpdesk
1512000,Alcazar_Lucas,Kronos Mart,194.51,1,Information Technology,IT Helpdesk
1512000,Alcazar_Lucas,Ouzeri Elian,21.56,1,Information Technology,IT Helpdesk
1512000,Azada_Lars,Hippokampos,72.5,2,Engineering,Engineer
1512000,Balas_Felix,Frank's Fuel,52.66,3,Engineering,Engineer
1512000,Balas_Felix,Kalami Kafenion,11.14,3,Engineering,Engineer
1512000,Barranco_Ingrid,KaterinaÂs CafÃ©,96.36,4,Executive,SVP/CFO
1512000,Baza_Isak,Ouzeri Elian,57.63,5,Information Technology,IT Technician
1512000,Bergen_Linnea,Abila Zacharo,18.45,6,Information Technology,IT Group Manager
1512000,Bergen_Linnea,Roberts and Sons,62.47,6,Information Technology,IT Group Manager
1512000,Bodrogi_Loreto,Kalami Kafenion,10.48,15,Security,Site Control
1512000,Bodrogi_Loreto,KaterinaÂs CafÃ©,9.72,15,Security,Site Control
1512000,Borrasca_Isande,Abila Zacharo,73.25,7,Engineering,Drill Technician
1512000,Borrasca_Isande,Roberts and Sons,239.65,7,Engineering,Drill Technician
1512000,Calixto_Nils,KaterinaÂs CafÃ©,8.14,8,Information Technology,IT Technician
1512000,Calzas_Axel,Frydos Autosupply n' More,103.55,9,Engineering,Drill Technician
1512000,Calzas_Axel,Hippokampos,20.11,9,Engineering,Drill Technician
1512000,Campo-Corrente_Ada,Hippokampos,63.21,10,Executive,SVP/CIO
1512000,Campo-Corrente_Ada,Kalami Kafenion,42.36,10,Executive,SVP/CIO
1512000,Campo-Corrente_Ada,Kronos Mart,150.36,10,Executive,SVP/CIO
1512000,Cazar_Gustav,Kalami Kafenion,24.14,11,Engineering,Hydraulic Technician
1512000,Dedos_Lidelse,Frydos Autosupply n' More,281.54,14,Engineering,Engineering Group Manager
1512000,Dedos_Lidelse,Guy's Gyros,27.4,14,Engineering,Engineering Group Manager
1512000,Dedos_Lidelse,KaterinaÂs CafÃ©,22.74,14,Engineering,Engineering Group Manager
1512000,Ferro_Inga,KaterinaÂs CafÃ©,37.21,13,Security,Site Control
1512000,Flecha_Sven,Ahaggo Museum,120.2,17,Information Technology,IT Technician
1512000,Flecha_Sven,Guy's Gyros,31.48,17,Information Technology,IT Technician
1512000,Frente_Birgitta,Guy's Gyros,47.89,18,Engineering,Geologist
1512000,Frente_Birgitta,Roberts and Sons,266.69,18,Engineering,Geologist
1512000,Frente_Vira,Albert's Fine Clothing,35.66,19,Engineering,Hydraulic Technician
1512000,Frente_Vira,Hippokampos,27.21,19,Engineering,Hydraulic Technician
1512000,Frente_Vira,Ouzeri Elian,33.57,19,Engineering,Hydraulic Technician
1512000,Lagos_Varja,Guy's Gyros,39.68,23,Security,Badging Office
1512000,Lagos_Varja,KaterinaÂs CafÃ©,19.3,23,Security,Badging Office
1512000,Lagos_Varja,Kronos Mart,87.66,23,Security,Badging Office
1512000,Mies_Minke,KaterinaÂs CafÃ©,33.41,24,Security,Perimeter Control
1512000,Onda_Marin,KaterinaÂs CafÃ©,33.63,26,Engineering,Drill Site Manager
1512000,Orilla_Elsa,Ahaggo Museum,55.55,28,Engineering,Drill Technician
1512000,Orilla_Elsa,Hippokampos,49.21,28,Engineering,Drill Technician
1512000,Ovan_Bertrand,General Grocer,177.6,29,Facilities,Facilities Group Manager
1512000,Ovan_Bertrand,KaterinaÂs CafÃ©,76.1,29,Facilities,Facilities Group Manager
1512000,Ovan_Bertrand,Ouzeri Elian,53.36,29,Facilities,Facilities Group Manager
1512000,Resumir_Felix,General Grocer,108.49,30,Security,Security Group Manager
1512000,Resumir_Felix,Kalami Kafenion,53.36,30,Security,Security Group Manager
1512000,Sanjorge Jr._Sten,Chostus Hotel,600.0,31,Executive,President/CEO
1512000,Sanjorge Jr._Sten,KaterinaÂs CafÃ©,14.22,31,Executive,President/CEO
1512000,Strum_Orhan,Abila Zacharo,111.93,32,Executive,SVP/COO
1512000,Strum_Orhan,Albert's Fine Clothing,226.49,32,Executive,SVP/COO
1512000,Strum_Orhan,Shoppers' Delight,258.33,32,Executive,SVP/COO
1512000,Vann_Edvard,Abila Zacharo,21.29,34,Security,Perimeter Control
1512000,Vann_Isia,KaterinaÂs CafÃ©,19.31,16,Security,Perimeter Control
1512000,Vasco-Pais_Willem,Frydos Autosupply n' More,120.67,35,Executive,Environmental Safety Advisor
1512000,Vasco-Pais_Willem,Hippokampos,53.21,35,Executive,Environmental Safety Advisor
1512000,Vasco-Pais_Willem,Kalami Kafenion,38.91,35,Executive,Environmental Safety Advisor
1598400,Azada_Lars,Hippokampos,78.96,2,Engineering,Engineer
1598400,Balas_Felix,Hippokampos,101.25,3,Engineering,Engineer
1598400,Barranco_Ingrid,Desafio Golf Course,145.72,4,Executive,SVP/CFO
1598400,Baza_Isak,Ouzeri Elian,67.98,5,Information Technology,IT Technician
1598400,Bodrogi_Loreto,Guy's Gyros,20.94,15,Security,Site Control
1598400,Borrasca_Isande,Albert's Fine Clothing,254.29,7,Engineering,Drill Technician
1598400,Calixto_Nils,KaterinaÂs CafÃ©,34.03,8,Information Technology,IT Technician
1598400,Calzas_Axel,Hippokampos,11.56,9,Engineering,Drill Technician
1598400,Campo-Corrente_Ada,Desafio Golf Course,190.91,10,Executive,SVP/CIO
1598400,Campo-Corrente_Ada,Hippokampos,48.23,10,Executive,SVP/CIO
1598400,Cocinaro_Hideki,Guy's Gyros,36.87,12,Security,Site Control
1598400,Dedos_Lidelse,KaterinaÂs CafÃ©,33.79,14,Engineering,Engineering Group Manager
1598400,Flecha_Sven,Guy's Gyros,65.21,17,Information Technology,IT Technician
1598400,Flecha_Sven,Ouzeri Elian,45.32,17,Information Technology,IT Technician
1598400,Frente_Birgitta,KaterinaÂs CafÃ©,38.9,18,Engineering,Geologist
1598400,Frente_Vira,Gelatogalore,22.36,19,Engineering,Hydraulic Technician
1598400,Frente_Vira,General Grocer,70.22,19,Engineering,Hydraulic Technician
1598400,Frente_Vira,Hippokampos,46.32,19,Engineering,Hydraulic Technician
1598400,Fusil_Stenig,Guy's Gyros,40.36,20,Security,Building Control
1598400,Lagos_Varja,Frydos Autosupply n' More,56.09,23,Security,Badging Office
1598400,Lagos_Varja,Guy's Gyros,58.35,23,Security,Badging Office
1598400,Lagos_Varja,Ouzeri Elian,23.65,23,Security,Badging Office
1598400,Mies_Minke,Guy's Gyros,31.94,24,Security,Perimeter Control
1598400,Mies_Minke,KaterinaÂs CafÃ©,26.76,24,Security,Perimeter Control
1598400,Nubarron_Adra,Albert's Fine Clothing,274.66,25,Engineering,Geologist
1598400,Nubarron_Adra,Shoppers' Delight,30.39,25,Engineering,Geologist
1598400,Orilla_Elsa,Ahaggo Museum,26.91,28,Engineering,Drill Technician
1598400,Orilla_Elsa,Guy's Gyros,23.21,28,Engineering,Drill Technician
1598400,Osvaldo_Hennie,Frydos Autosupply n' More,98.04,21,Security,Perimeter Control
1598400,Ovan_Bertrand,KaterinaÂs CafÃ©,12.25,29,Facilities,Facilities Group Manager
1598400,Resumir_Felix,Abila Zacharo,47.8,30,Security,Security Group Manager
1598400,Resumir_Felix,Guy's Gyros,39.6,30,Security,Security Group Manager
1598400,Sanjorge Jr._Sten,Desafio Golf Course,148.22,31,Executive,President/CEO
1598400,Sanjorge Jr._Sten,Guy's Gyros,25.79,31,Executive,President/CEO
1598400,Strum_Orhan,Desafio Golf Course,150.07,32,Executive,SVP/COO
1598400,Strum_Orhan,Hippokampos,45.32,32,Executive,SVP/COO
1598400,Tempestad_Brand,Guy's Gyros,37.48,33,Engineering,Drill Technician
1598400,Vann_Edvard,Frydos Autosupply n' More,209.76,34,Security,Perimeter Control
1598400,Vann_Edvard,KaterinaÂs CafÃ©,70.22,34,Security,Perimeter Control
1598400,Vann_Isia,Guy's Gyros,18.08,16,Security,Perimeter Control
1598400,Vann_Isia,KaterinaÂs CafÃ©,35.01,16,Security,Perimeter Control
1598400,Vasco-Pais_Willem,Desafio Golf Course,110.02,35,Executive,Environmental Safety Advisor
1598400,Vasco-Pais_Willem,Hippokampos,63.17,35,Executive,Environmental Safety Advisor
