Timestamp,Name,Location,Price
475200,Lais_Cornelia,Brew've Been Served,4.17
475200,Bramar_Mat,Brew've Been Served,9.6
475200,Arpa_Emile,Hallowed Grounds,16.53
475200,Awelon_Varro,Coffee Shack,11.51
475200,Pantanal_Rachel,Hallowed Grounds,12.93
475200,Mies Haber_Ruscella,Brew've Been Served,4.27
475200,Lagos_Linda,Brew've Been Served,11.2
475200,Coginian_Dante,Brew've Been Served,15.39
475200,Forluniau_Carla,Abila Zacharo,26.93
475200,Ribera_Anda,Hippokampos,34.03
475200,Mies Haber_Ruscella,Kalami Kafenion,8.64
475200,Lagos_Linda,Katerinas Café,33.54
475200,Pantanal_Rachel,Hippokampos,36.54
475200,Lais_Cornelia,Ouzeri Elian,20.74
475200,Awelon_Varro,Kalami Kafenion,13.08
475200,Coginian_Dante,Hippokampos,38.25
475200,Bramar_Mat,Hippokampos,30.88
475200,Arpa_Emile,Kalami Kafenion,27.4
475200,Lagos_Linda,Katerinas Café,38.65
475200,Arpa_Emile,Katerinas Café,26.46
475200,Coginian_Dante,Frydos Autosupply n' More,80.85
475200,Lais_Cornelia,Frydos Autosupply n' More,175.87
475200,Ribera_Anda,Katerinas Café,28.0
475200,Awelon_Varro,Hippokampos,24.41
475200,Mies Haber_Ruscella,Frydos Autosupply n' More,89.3
475200,Bramar_Mat,Katerinas Café,26.51
561600,Lais_Cornelia,Brew've Been Served,12.74
561600,Arpa_Emile,Hallowed Grounds,8.91
561600,Awelon_Varro,Coffee Shack,16.63
561600,Mies Haber_Ruscella,Brew've Been Served,4.39
561600,Bramar_Mat,Brew've Been Served,11.91
561600,Pantanal_Rachel,Hallowed Grounds,8.42
561600,Forluniau_Carla,Coffee Cameleon,12.44
561600,Coginian_Dante,Brew've Been Served,17.4
561600,Ribera_Anda,Hallowed Grounds,10.33
561600,Lagos_Linda,Brew've Been Served,15.66
561600,Mies Haber_Ruscella,Kalami Kafenion,11.64
561600,Bramar_Mat,Ouzeri Elian,28.37
561600,Lais_Cornelia,Ouzeri Elian,17.71
561600,Forluniau_Carla,Abila Zacharo,32.4
561600,Pantanal_Rachel,Gelatogalore,36.5
561600,Lagos_Linda,Ouzeri Elian,21.85
561600,Coginian_Dante,Katerinas Café,37.44
561600,Ribera_Anda,Gelatogalore,15.4
561600,Arpa_Emile,Hippokampos,37.57
561600,Awelon_Varro,Albert's Fine Clothing,78.91
561600,Lagos_Linda,Katerinas Café,31.6
561600,Coginian_Dante,Katerinas Café,25.02
561600,Lais_Cornelia,Guy's Gyros,23.12
561600,Ribera_Anda,Katerinas Café,25.54
561600,Pantanal_Rachel,Ouzeri Elian,20.53
648000,Arpa_Emile,Hallowed Grounds,5.85
648000,Bramar_Mat,Brew've Been Served,3.09
648000,Pantanal_Rachel,Hallowed Grounds,3.9
648000,Awelon_Varro,Coffee Shack,13.13
648000,Lais_Cornelia,Brew've Been Served,14.88
648000,Mies Haber_Ruscella,Brew've Been Served,8.4
648000,Coginian_Dante,Brew've Been Served,3.92
648000,Ribera_Anda,Hallowed Grounds,11.63
648000,Lagos_Linda,Brew've Been Served,11.48
648000,Forluniau_Carla,Coffee Cameleon,16.17
648000,Mies Haber_Ruscella,Abila Zacharo,22.13
648000,Lagos_Linda,Gelatogalore,32.79
648000,Ribera_Anda,Kalami Kafenion,18.18
648000,Coginian_Dante,Kalami Kafenion,22.49
648000,Lais_Cornelia,Ouzeri Elian,24.92
648000,Pantanal_Rachel,Abila Zacharo,28.25
648000,Forluniau_Carla,Gelatogalore,22.27
648000,Awelon_Varro,Kalami Kafenion,34.98
648000,Bramar_Mat,Gelatogalore,39.94
648000,Arpa_Emile,Kalami Kafenion,31.43
648000,Mies Haber_Ruscella,Katerinas Café,34.25
648000,Lagos_Linda,Katerinas Café,13.83
648000,Forluniau_Carla,Frydos Autosupply n' More,214.07
648000,Ribera_Anda,Frydos Autosupply n' More,268.89
648000,Awelon_Varro,Hippokampos,16.75
648000,Coginian_Dante,Katerinas Café,16.93
734400,Arpa_Emile,Hallowed Grounds,15.24
734400,Awelon_Varro,Coffee Shack,5.01
734400,Coginian_Dante,Brew've Been Served,18.25
734400,Ribera_Anda,Hallowed Grounds,16.72
734400,Forluniau_Carla,Coffee Cameleon,4.88
734400,Pantanal_Rachel,Hallowed Grounds,15.33
734400,Mies Haber_Ruscella,Gelatogalore,19.2
734400,Forluniau_Carla,Hippokampos,27.47
734400,Lagos_Linda,Gelatogalore,23.23
734400,Lais_Cornelia,Hippokampos,19.22
734400,Pantanal_Rachel,Gelatogalore,24.68
734400,Bramar_Mat,Kalami Kafenion,19.84
734400,Arpa_Emile,Kalami Kafenion,10.94
734400,Ribera_Anda,Kalami Kafenion,35.99
734400,Coginian_Dante,Guy's Gyros,27.69
734400,Awelon_Varro,Gelatogalore,36.75
734400,Arpa_Emile,Katerinas Café,35.92
734400,Bramar_Mat,Katerinas Café,26.6
734400,Ribera_Anda,Katerinas Café,30.97
734400,Coginian_Dante,Katerinas Café,29.82
734400,Awelon_Varro,Albert's Fine Clothing,224.52
734400,Mies Haber_Ruscella,Katerinas Café,13.78
734400,Lais_Cornelia,Guy's Gyros,8.23
734400,Pantanal_Rachel,Shoppers' Delight,258.43
820800,Arpa_Emile,Hallowed Grounds,16.75
820800,Bramar_Mat,Brew've Been Served,4.88
820800,Pantanal_Rachel,Hallowed Grounds,17.63
820800,Forluniau_Carla,Coffee Cameleon,9.69
820800,Lais_Cornelia,Brew've Been Served,5.91
820800,Ribera_Anda,Hallowed Grounds,9.34
820800,Lagos_Linda,Brew've Been Served,14.36
820800,Forluniau_Carla,Katerinas Café,21.22
820800,Pantanal_Rachel,Abila Zacharo,31.34
820800,Mies Haber_Ruscella,Kalami Kafenion,27.48
820800,Lagos_Linda,Guy's Gyros,38.15
820800,Lais_Cornelia,Ouzeri Elian,24.74
820800,Arpa_Emile,Guy's Gyros,16.34
820800,Ribera_Anda,Abila Zacharo,9.32
820800,Coginian_Dante,Gelatogalore,32.19
820800,Awelon_Varro,Hippokampos,19.88
820800,Coginian_Dante,Frydos Autosupply n' More,43.65
820800,Lagos_Linda,Katerinas Café,8.14
820800,Mies Haber_Ruscella,Katerinas Café,21.28
820800,Lais_Cornelia,Guy's Gyros,25.81
907200,Forluniau_Carla,Katerinas Café,45.21
907200,Ribera_Anda,Hippokampos,22.23
907200,Awelon_Varro,Kalami Kafenion,35.66
907200,Forluniau_Carla,Shoppers' Delight,238.52
907200,Arpa_Emile,General Grocer,78.02
907200,Ribera_Anda,Katerinas Café,20.71
907200,Lais_Cornelia,Guy's Gyros,36.2
907200,Bramar_Mat,Katerinas Café,25.76
907200,Coginian_Dante,Katerinas Café,52.45
907200,Arpa_Emile,Frydos Autosupply n' More,236.25
907200,Awelon_Varro,Hippokampos,69.8
907200,Forluniau_Carla,Katerinas Café,94.68
993600,Mies Haber_Ruscella,Ouzeri Elian,98.45
993600,Awelon_Varro,Hippokampos,29.2
993600,Arpa_Emile,Guy's Gyros,30.47
993600,Mies Haber_Ruscella,Kronos Mart,147.3
993600,Awelon_Varro,General Grocer,159.3
993600,Mies Haber_Ruscella,Katerinas Café,40.94
993600,Lais_Cornelia,Frydos Autosupply n' More,88.93
993600,Arpa_Emile,Katerinas Café,39.3
993600,Lagos_Linda,Katerinas Café,16.34
993600,Bramar_Mat,Katerinas Café,40.25
993600,Coginian_Dante,Frydos Autosupply n' More,161.96
1080000,Bramar_Mat,Brew've Been Served,9.53
1080000,Ribera_Anda,Hallowed Grounds,6.32
1080000,Lagos_Linda,Brew've Been Served,13.37
1080000,Forluniau_Carla,Coffee Cameleon,17.49
1080000,Awelon_Varro,Coffee Shack,4.09
1080000,Pantanal_Rachel,Hallowed Grounds,15.96
1080000,Coginian_Dante,Brew've Been Served,19.89
1080000,Forluniau_Carla,Katerinas Café,38.98
1080000,Mies Haber_Ruscella,Hippokampos,14.04
1080000,Lagos_Linda,Guy's Gyros,21.03
1080000,Lais_Cornelia,Kalami Kafenion,20.33
1080000,Coginian_Dante,Gelatogalore,36.24
1080000,Awelon_Varro,Guy's Gyros,38.07
1080000,Pantanal_Rachel,Gelatogalore,37.17
1080000,Bramar_Mat,Hippokampos,26.96
1080000,Arpa_Emile,Guy's Gyros,36.87
1080000,Arpa_Emile,Frydos Autosupply n' More,188.57
1080000,Lagos_Linda,Frydos Autosupply n' More,64.6
1080000,Pantanal_Rachel,Ouzeri Elian,21.83
1080000,Mies Haber_Ruscella,Katerinas Café,33.57
1080000,Lais_Cornelia,Guy's Gyros,19.77
1080000,Awelon_Varro,Hippokampos,32.29
1080000,Forluniau_Carla,Frydos Autosupply n' More,202.05
1166400,Lais_Cornelia,Brew've Been Served,14.67
1166400,Arpa_Emile,Hallowed Grounds,16.67
1166400,Bramar_Mat,Brew've Been Served,14.04
1166400,Coginian_Dante,Brew've Been Served,9.53
1166400,Forluniau_Carla,Coffee Cameleon,11.67
1166400,Pantanal_Rachel,Hallowed Grounds,10.65
1166400,Mies Haber_Ruscella,Brew've Been Served,16.39
1166400,Awelon_Varro,Coffee Shack,3.63
1166400,Ribera_Anda,Hallowed Grounds,6.16
1166400,Lagos_Linda,Brew've Been Served,11.53
1166400,Lagos_Linda,Abila Zacharo,31.09
1166400,Mies Haber_Ruscella,Kalami Kafenion,33.13
1166400,Forluniau_Carla,Katerinas Café,11.26
1166400,Ribera_Anda,Katerinas Café,31.69
1166400,Pantanal_Rachel,Ouzeri Elian,33.67
1166400,Bramar_Mat,Kalami Kafenion,27.65
1166400,Lais_Cornelia,Gelatogalore,35.97
1166400,Awelon_Varro,Ouzeri Elian,19.7
1166400,Arpa_Emile,Gelatogalore,22.03
1166400,Coginian_Dante,Hippokampos,16.73
1166400,Lais_Cornelia,Guy's Gyros,35.12
1166400,Mies Haber_Ruscella,Katerinas Café,31.94
1166400,Coginian_Dante,Katerinas Café,26.61
1166400,Pantanal_Rachel,Ouzeri Elian,20.95
1166400,Lagos_Linda,Katerinas Café,25.4
1166400,Ribera_Anda,Katerinas Café,28.05
1166400,Bramar_Mat,Frydos Autosupply n' More,49.21
1252800,Ribera_Anda,Hallowed Grounds,18.69
1252800,Bramar_Mat,Brew've Been Served,3.14
1252800,Lais_Cornelia,Brew've Been Served,8.42
1252800,Lagos_Linda,Brew've Been Served,5.75
1252800,Awelon_Varro,Coffee Shack,18.17
1252800,Forluniau_Carla,Coffee Cameleon,16.31
1252800,Pantanal_Rachel,Hallowed Grounds,14.39
1252800,Coginian_Dante,Brew've Been Served,3.47
1252800,Forluniau_Carla,Katerinas Café,28.56
1252800,Mies Haber_Ruscella,Kalami Kafenion,38.5
1252800,Lais_Cornelia,Ouzeri Elian,25.7
1252800,Lagos_Linda,Kalami Kafenion,37.15
1252800,Ribera_Anda,Guy's Gyros,12.19
1252800,Awelon_Varro,Gelatogalore,24.96
1252800,Arpa_Emile,Ouzeri Elian,26.61
1252800,Coginian_Dante,Guy's Gyros,16.58
1252800,Pantanal_Rachel,Gelatogalore,22.36
1252800,Bramar_Mat,Abila Zacharo,26.82
1252800,Ribera_Anda,Katerinas Café,36.8
1252800,Lais_Cornelia,Guy's Gyros,24.91
1252800,Mies Haber_Ruscella,Katerinas Café,38.81
1252800,Lagos_Linda,Katerinas Café,29.33
1252800,Forluniau_Carla,Katerinas Café,29.66
1252800,Coginian_Dante,Katerinas Café,21.61
1252800,Awelon_Varro,Albert's Fine Clothing,228.15
1252800,Bramar_Mat,Frydos Autosupply n' More,276.88
1252800,Pantanal_Rachel,Ouzeri Elian,8.57
1339200,Lais_Cornelia,Brew've Been Served,5.05
1339200,Arpa_Emile,Hallowed Grounds,17.92
1339200,Awelon_Varro,Coffee Shack,10.48
1339200,Bramar_Mat,Brew've Been Served,3.84
1339200,Forluniau_Carla,Coffee Cameleon,3.14
1339200,Ribera_Anda,Hallowed Grounds,18.23
1339200,Pantanal_Rachel,Hallowed Grounds,4.6
1339200,Lagos_Linda,Brew've Been Served,11.21
1339200,Mies Haber_Ruscella,Katerinas Café,39.74
1339200,Ribera_Anda,Hippokampos,13.05
1339200,Bramar_Mat,Abila Zacharo,24.38
1339200,Lais_Cornelia,Katerinas Café,38.32
1339200,Coginian_Dante,Kalami Kafenion,9.27
1339200,Forluniau_Carla,Ouzeri Elian,8.52
1339200,Awelon_Varro,Ouzeri Elian,8.47
1339200,Pantanal_Rachel,Ouzeri Elian,31.21
1339200,Arpa_Emile,Guy's Gyros,36.48
1339200,Lais_Cornelia,Octavio's Office Supplies,131.01
1339200,Lagos_Linda,Katerinas Café,13.68
1339200,Mies Haber_Ruscella,Katerinas Café,29.3
1339200,Awelon_Varro,Albert's Fine Clothing,283.38
1339200,Arpa_Emile,Katerinas Café,18.79
1339200,Pantanal_Rachel,Ouzeri Elian,22.65
1339200,Forluniau_Carla,Katerinas Café,35.43
1339200,Coginian_Dante,Katerinas Café,30.56
1339200,Bramar_Mat,Frydos Autosupply n' More,130.01
1425600,Lais_Cornelia,Brew've Been Served,11.69
1425600,Bramar_Mat,Brew've Been Served,8.07
1425600,Awelon_Varro,Coffee Shack,19.16
1425600,Ribera_Anda,Hallowed Grounds,5.52
1425600,Forluniau_Carla,Coffee Cameleon,7.49
1425600,Mies Haber_Ruscella,Brew've Been Served,18.15
1425600,Lagos_Linda,Brew've Been Served,14.58
1425600,Forluniau_Carla,Hippokampos,38.21
1425600,Pantanal_Rachel,Gelatogalore,18.1
1425600,Ribera_Anda,Hippokampos,23.54
1425600,Lagos_Linda,Kalami Kafenion,24.21
1425600,Coginian_Dante,Guy's Gyros,15.12
1425600,Awelon_Varro,Guy's Gyros,21.1
1425600,Lais_Cornelia,Abila Zacharo,11.95
1425600,Bramar_Mat,Katerinas Café,30.72
1425600,Arpa_Emile,Ouzeri Elian,26.1
1425600,Forluniau_Carla,Katerinas Café,21.16
1425600,Awelon_Varro,Hippokampos,19.76
1425600,Bramar_Mat,Frydos Autosupply n' More,124.52
1425600,Arpa_Emile,Katerinas Café,14.93
1425600,Coginian_Dante,Katerinas Café,36.12
1425600,Pantanal_Rachel,Ouzeri Elian,26.4
1425600,Mies Haber_Ruscella,Katerinas Café,33.73
1425600,Lais_Cornelia,Frydos Autosupply n' More,67.29
1512000,Ribera_Anda,Katerinas Café,34.54
1512000,Lais_Cornelia,Kalami Kafenion,30.12
1512000,Coginian_Dante,Kalami Kafenion,42.73
1512000,Pantanal_Rachel,Gelatogalore,24.38
1512000,Lagos_Linda,Katerinas Café,37.26
1512000,Lais_Cornelia,Frydos Autosupply n' More,103.41
1512000,Ribera_Anda,Albert's Fine Clothing,189.52
1512000,Mies Haber_Ruscella,Frydos Autosupply n' More,234.53
1512000,Lais_Cornelia,Guy's Gyros,28.07
1512000,Pantanal_Rachel,Ouzeri Elian,14.9
1512000,Forluniau_Carla,Katerinas Café,32.68
1512000,Lagos_Linda,Katerinas Café,45.88
1512000,Awelon_Varro,Hippokampos,55.03
475200,Alcazar_Lucas,Albert's Fine Clothing,276.9
475200,Alcazar_Lucas,Hallowed Grounds,8.05
475200,Azada_Lars,Bean There Done That,10.28
475200,Azada_Lars,Guy's Gyros,15.44
475200,Azada_Lars,Hippokampos,21.33
475200,Balas_Felix,Bean There Done That,16.09
475200,Balas_Felix,Guy's Gyros,30.82
475200,Barranco_Ingrid,Abila Zacharo,30.08
475200,Barranco_Ingrid,Brewed Awakenings,5.72
475200,Barranco_Ingrid,Hippokampos,17.27
475200,Baza_Isak,Jack's Magical Beans,11.03
475200,Baza_Isak,Katerinas Café,18.56
475200,Bergen_Linnea,Coffee Cameleon,8.73
475200,Bergen_Linnea,Gelatogalore,12.74
475200,Bergen_Linnea,Katerinas Café,23.63
475200,Bodrogi_Loreto,Brew've Been Served,18.24
475200,Bodrogi_Loreto,Katerinas Café,39.41
475200,Borrasca_Isande,Brewed Awakenings,16.89
475200,Borrasca_Isande,Ouzeri Elian,38.9
475200,Calixto_Nils,Gelatogalore,22.64
475200,Calzas_Axel,Bean There Done That,8.54
475200,Calzas_Axel,Hippokampos,8.64
475200,Calzas_Axel,Hippokampos,26.8
475200,Campo-Corrente_Ada,Brewed Awakenings,4.35
475200,Campo-Corrente_Ada,Hippokampos,20.61
475200,Cazar_Gustav,Bean There Done That,5.24
475200,Cazar_Gustav,Hippokampos,35.34
475200,Cocinaro_Hideki,Abila Zacharo,18.11
475200,Cocinaro_Hideki,Guy's Gyros,15.29
475200,Cocinaro_Hideki,Hallowed Grounds,12.22
475200,Dedos_Lidelse,Hallowed Grounds,10.07
475200,Dedos_Lidelse,Katerinas Café,13.59
475200,Dedos_Lidelse,Katerinas Café,12.32
475200,Ferro_Inga,Brew've Been Served,8.88
475200,Ferro_Inga,Gelatogalore,23.41
475200,Ferro_Inga,Guy's Gyros,28.94
475200,Flecha_Sven,Brew've Been Served,4.24
475200,Flecha_Sven,Guy's Gyros,16.92
475200,Flecha_Sven,Guy's Gyros,39.29
475200,Frente_Birgitta,Hallowed Grounds,16.72
475200,Frente_Birgitta,Katerinas Café,32.64
475200,Frente_Vira,Bean There Done That,4.27
475200,Frente_Vira,Hippokampos,25.5
475200,Frente_Vira,Ouzeri Elian,20.4
475200,Fusil_Stenig,Brew've Been Served,8.33
475200,Fusil_Stenig,Guy's Gyros,37.82
475200,Fusil_Stenig,Ouzeri Elian,20.56
475200,Hafon_Albina,Carlyle Chemical Inc.,3959.66
475200,Hafon_Albina,Abila Airport,4540.08
475200,Hafon_Albina,Abila Airport,777.06
475200,Hafon_Albina,Kronos Pipe and Irrigation,242.21
475200,Hafon_Albina,Maximum Iron and Steel,2859.51
475200,Hafon_Albina,Ouzeri Elian,16.84
475200,Herrero_Kanon,Brew've Been Served,14.97
475200,Lagos_Varja,Brew've Been Served,3.67
475200,Lagos_Varja,Guy's Gyros,22.57
475200,Lagos_Varja,Kalami Kafenion,30.1
475200,Lagos_Varja,U-Pump,59.51
475200,Mies_Henk,Abila Airport,612.47
475200,Mies_Minke,Albert's Fine Clothing,121.76
475200,Mies_Minke,Brew've Been Served,15.58
475200,Mies_Minke,Kalami Kafenion,22.31
475200,Morluniau_Cecilia,Nationwide Refinery,761.64
475200,Morluniau_Cecilia,Stewart and Sons Fabrication,2144.62
475200,Nubarron_Adra,Coffee Cameleon,11.86
475200,Nubarron_Adra,Frydos Autosupply n' More,197.32
475200,Onda_Marin,Frydos Autosupply n' More,274.98
475200,Onda_Marin,Guy's Gyros,11.22
475200,Orilla_Elsa,Abila Zacharo,50.14
475200,Orilla_Elsa,Frydos Autosupply n' More,253.87
475200,Orilla_Elsa,Jack's Magical Beans,18.59
475200,Orilla_Kare,Gelatogalore,36.33
475200,Orilla_Kare,Hallowed Grounds,10.66
475200,Orilla_Kare,Katerinas Café,26.1
475200,Osvaldo_Hennie,Abila Zacharo,23.15
475200,Osvaldo_Hennie,Brew've Been Served,12.83
475200,Osvaldo_Hennie,Katerinas Café,17.92
475200,Ovan_Bertrand,Coffee Cameleon,8.39
475200,Ovan_Bertrand,Katerinas Café,15.52
475200,Ovan_Bertrand,Ouzeri Elian,30.87
475200,Resumir_Felix,Brew've Been Served,5.66
475200,Resumir_Felix,Guy's Gyros,11.94
475200,Resumir_Felix,Katerinas Café,19.65
475200,Strum_Orhan,Jack's Magical Beans,7.84
475200,Tempestad_Brand,Brew've Been Served,16.9
475200,Tempestad_Brand,Ouzeri Elian,34.71
475200,Vann_Edvard,Brew've Been Served,11.34
475200,Vann_Edvard,Hippokampos,13.26
475200,Vann_Isia,Abila Zacharo,12.05
475200,Vann_Isia,Brew've Been Served,10.68
475200,Vann_Isia,Shoppers' Delight,293.67
475200,Vasco-Pais_Willem,Guy's Gyros,19.67
475200,Vasco-Pais_Willem,Jack's Magical Beans,18.1
561600,Alcazar_Lucas,Gelatogalore,21.52
561600,Alcazar_Lucas,Hallowed Grounds,4.44
561600,Alcazar_Lucas,Ouzeri Elian,25.27
561600,Azada_Lars,Abila Zacharo,13.52
561600,Azada_Lars,Bean There Done That,11.25
561600,Azada_Lars,Hippokampos,11.56
561600,Balas_Felix,Guy's Gyros,10.11
561600,Barranco_Ingrid,Abila Zacharo,12.72
561600,Barranco_Ingrid,Hippokampos,15.85
561600,Baza_Isak,Abila Zacharo,22.25
561600,Baza_Isak,Jack's Magical Beans,3.68
561600,Bergen_Linnea,Coffee Cameleon,7.66
561600,Bergen_Linnea,Gelatogalore,34.04
561600,Bergen_Linnea,Katerinas Café,19.49
561600,Bodrogi_Loreto,Brewed Awakenings,4.84
561600,Bodrogi_Loreto,Guy's Gyros,22.33
561600,Bodrogi_Loreto,Hippokampos,31.69
561600,Borrasca_Isande,Brewed Awakenings,11.59
561600,Borrasca_Isande,Guy's Gyros,34.09
561600,Borrasca_Isande,Hippokampos,21.2
561600,Calixto_Nils,Hallowed Grounds,14.05
561600,Calixto_Nils,Katerinas Café,22.27
561600,Calixto_Nils,Katerinas Café,14.75
561600,Calzas_Axel,Bean There Done That,13.89
561600,Calzas_Axel,Hippokampos,20.17
561600,Calzas_Axel,Kalami Kafenion,22.83
561600,Campo-Corrente_Ada,Brewed Awakenings,6.72
561600,Campo-Corrente_Ada,Gelatogalore,35.06
561600,Campo-Corrente_Ada,Hippokampos,22.18
561600,Cazar_Gustav,Bean There Done That,8.03
561600,Cazar_Gustav,Hippokampos,10.19
561600,Cocinaro_Hideki,Hallowed Grounds,18.97
561600,Cocinaro_Hideki,Kalami Kafenion,22.14
561600,Dedos_Lidelse,Gelatogalore,31.77
561600,Ferro_Inga,Abila Zacharo,25.9
561600,Ferro_Inga,Guy's Gyros,14.87
561600,Flecha_Sven,Brew've Been Served,5.08
561600,Flecha_Sven,Guy's Gyros,22.25
561600,Flecha_Sven,Kalami Kafenion,25.9
561600,Frente_Birgitta,Guy's Gyros,12.57
561600,Frente_Birgitta,Hallowed Grounds,9.92
561600,Frente_Birgitta,Katerinas Café,17.26
561600,Frente_Vira,Albert's Fine Clothing,228.36
561600,Frente_Vira,Bean There Done That,6.25
561600,Frente_Vira,Ouzeri Elian,24.84
561600,Fusil_Stenig,Guy's Gyros,11.31
561600,Hawelon_Benito,Abila Airport,3840.37
561600,Hawelon_Benito,Stewart and Sons Fabrication,1200.9
561600,Herrero_Kanon,Brew've Been Served,11.92
561600,Lagos_Varja,Brew've Been Served,9.06
561600,Lagos_Varja,Guy's Gyros,31.23
561600,Lagos_Varja,Katerinas Café,31.41
561600,Mies_Henk,Abila Airport,124.89
561600,Mies_Henk,Abila Airport,3411.29
561600,Mies_Minke,Brew've Been Served,3.0
561600,Mies_Minke,Katerinas Café,10.9
561600,Morlun_Valeria,Carlyle Chemical Inc.,3827.2
561600,Morlun_Valeria,Katerinas Café,19.07
561600,Morlun_Valeria,Nationwide Refinery,1562.66
561600,Morluniau_Cecilia,Nationwide Refinery,1347.36
561600,Morluniau_Cecilia,Stewart and Sons Fabrication,1783.33
561600,Nant_Irene,Kronos Pipe and Irrigation,3920.82
561600,Nant_Irene,Maximum Iron and Steel,3207.31
561600,Nubarron_Adra,Coffee Cameleon,11.55
561600,Nubarron_Adra,Katerinas Café,10.07
561600,Nubarron_Adra,Ouzeri Elian,29.1
561600,Onda_Marin,Hallowed Grounds,7.88
561600,Onda_Marin,Katerinas Café,18.35
561600,Orilla_Elsa,Jack's Magical Beans,18.77
561600,Orilla_Elsa,Kalami Kafenion,45.05
561600,Orilla_Elsa,Ouzeri Elian,11.41
561600,Orilla_Kare,Hallowed Grounds,9.61
561600,Orilla_Kare,Hippokampos,16.11
561600,Orilla_Kare,Katerinas Café,32.83
561600,Osvaldo_Hennie,Brew've Been Served,14.49
561600,Osvaldo_Hennie,Gelatogalore,17.21
561600,Osvaldo_Hennie,Katerinas Café,33.29
561600,Ovan_Bertrand,Coffee Cameleon,9.1
561600,Ovan_Bertrand,Gelatogalore,8.97
561600,Ovan_Bertrand,Katerinas Café,19.53
561600,Resumir_Felix,Brew've Been Served,7.74
561600,Resumir_Felix,Frydos Autosupply n' More,272.73
561600,Resumir_Felix,Ouzeri Elian,19.51
561600,Scozzese_Dylan,Abila Scrapyard,2149.28
561600,Scozzese_Dylan,Abila Airport,1641.96
561600,Scozzese_Dylan,Nationwide Refinery,889.58
561600,Strum_Orhan,Guy's Gyros,29.57
561600,Strum_Orhan,Jack's Magical Beans,19.61
561600,Tempestad_Brand,Abila Zacharo,17.81
561600,Tempestad_Brand,Brew've Been Served,18.53
561600,Vann_Edvard,Kalami Kafenion,18.06
561600,Vann_Isia,Brewed Awakenings,12.59
561600,Vann_Isia,Guy's Gyros,38.56
561600,Vann_Isia,Guy's Gyros,9.76
561600,Vasco-Pais_Willem,Gelatogalore,8.98
561600,Vasco-Pais_Willem,Hippokampos,37.88
561600,Vasco-Pais_Willem,Jack's Magical Beans,9.84
648000,Alcazar_Lucas,Hippokampos,39.8
648000,Alcazar_Lucas,Ouzeri Elian,10.81
648000,Azada_Lars,Abila Zacharo,14.41
648000,Azada_Lars,Bean There Done That,17.45
648000,Azada_Lars,Hippokampos,10.52
648000,Balas_Felix,Albert's Fine Clothing,136.01
648000,Balas_Felix,Bean There Done That,12.07
648000,Balas_Felix,Hippokampos,28.79
648000,Barranco_Ingrid,Brewed Awakenings,11.73
648000,Barranco_Ingrid,Hippokampos,26.31
648000,Barranco_Ingrid,Ouzeri Elian,32.61
648000,Baza_Isak,Jack's Magical Beans,3.96
648000,Baza_Isak,Katerinas Café,8.53
648000,Baza_Isak,Ouzeri Elian,29.85
648000,Bergen_Linnea,Coffee Cameleon,6.59
648000,Bergen_Linnea,Hippokampos,16.59
648000,Bergen_Linnea,Katerinas Café,19.12
648000,Bodrogi_Loreto,Brew've Been Served,12.92
648000,Bodrogi_Loreto,Frank's Fuel,65.34
648000,Bodrogi_Loreto,Frydos Autosupply n' More,182.56
648000,Bodrogi_Loreto,Guy's Gyros,17.9
648000,Borrasca_Isande,Brewed Awakenings,12.32
648000,Borrasca_Isande,Chostus Hotel,107.51
648000,Borrasca_Isande,Hippokampos,16.54
648000,Calixto_Nils,Gelatogalore,35.29
648000,Calixto_Nils,Hallowed Grounds,19.92
648000,Calixto_Nils,Katerinas Café,36.6
648000,Calzas_Axel,Hippokampos,12.62
648000,Campo-Corrente_Ada,Hippokampos,26.55
648000,Campo-Corrente_Ada,Hippokampos,15.64
648000,Cazar_Gustav,Bean There Done That,14.96
648000,Cazar_Gustav,Hippokampos,37.89
648000,Cocinaro_Hideki,General Grocer,265.84
648000,Dedos_Lidelse,Guy's Gyros,15.86
648000,Dedos_Lidelse,Hallowed Grounds,8.15
648000,Dedos_Lidelse,Katerinas Café,27.87
648000,Ferro_Inga,Brew've Been Served,17.13
648000,Ferro_Inga,Gelatogalore,36.72
648000,Flecha_Sven,Brew've Been Served,3.42
648000,Flecha_Sven,Guy's Gyros,30.12
648000,Flecha_Sven,Guy's Gyros,28.81
648000,Frente_Birgitta,Abila Zacharo,16.2
648000,Frente_Birgitta,Hallowed Grounds,3.4
648000,Frente_Vira,Bean There Done That,16.18
648000,Frente_Vira,Hippokampos,32.66
648000,Frente_Vira,Katerinas Café,37.04
648000,Fusil_Stenig,Brew've Been Served,8.27
648000,Fusil_Stenig,Kalami Kafenion,14.77
648000,Herrero_Kanon,Brew've Been Served,7.26
648000,Lagos_Varja,Brew've Been Served,11.87
648000,Lagos_Varja,Gelatogalore,39.75
648000,Lagos_Varja,Guy's Gyros,19.08
648000,Mies_Henk,Abila Airport,2723.18
648000,Mies_Henk,Abila Airport,2769.12
648000,Mies_Minke,Brew've Been Served,6.3
648000,Mies_Minke,Guy's Gyros,10.34
648000,Mies_Minke,Guy's Gyros,30.48
648000,Morlun_Adan,Nationwide Refinery,4513.16
648000,Morlun_Adan,Stewart and Sons Fabrication,1738.26
648000,Morlun_Valeria,Carlyle Chemical Inc.,4901.88
648000,Morlun_Valeria,Katerinas Café,29.26
648000,Morlun_Valeria,Nationwide Refinery,4367.43
648000,Morluniau_Cecilia,Nationwide Refinery,3674.32
648000,Morluniau_Cecilia,Stewart and Sons Fabrication,1673.77
648000,Nant_Irene,Carlyle Chemical Inc.,4983.52
648000,Nant_Irene,Kronos Pipe and Irrigation,3615.61
648000,Nant_Irene,Maximum Iron and Steel,3136.01
648000,Nubarron_Adra,Coffee Cameleon,15.71
648000,Nubarron_Adra,Katerinas Café,26.45
648000,Nubarron_Adra,Katerinas Café,33.31
648000,Onda_Marin,Katerinas Café,31.59
648000,Orilla_Elsa,Gelatogalore,50.36
648000,Orilla_Elsa,Jack's Magical Beans,18.78
648000,Orilla_Elsa,Ouzeri Elian,62.2
648000,Orilla_Kare,Hallowed Grounds,3.11
648000,Orilla_Kare,Kalami Kafenion,23.82
648000,Osvaldo_Hennie,Brew've Been Served,13.68
648000,Osvaldo_Hennie,Gelatogalore,20.72
648000,Ovan_Bertrand,Coffee Cameleon,12.26
648000,Ovan_Bertrand,Kalami Kafenion,24.08
648000,Ovan_Bertrand,Katerinas Café,32.83
648000,Resumir_Felix,Abila Zacharo,30.85
648000,Resumir_Felix,Brew've Been Served,10.15
648000,Strum_Orhan,Jack's Magical Beans,12.37
648000,Strum_Orhan,Ouzeri Elian,29.73
648000,Tempestad_Brand,Brew've Been Served,19.17
648000,Tempestad_Brand,Chostus Hotel,111.89
648000,Tempestad_Brand,Guy's Gyros,18.24
648000,Vann_Edvard,Brew've Been Served,12.3
648000,Vann_Edvard,Hippokampos,9.03
648000,Vann_Isia,Brew've Been Served,15.66
648000,Vann_Isia,Guy's Gyros,15.69
648000,Vann_Isia,Kalami Kafenion,31.96
648000,Vasco-Pais_Willem,Abila Zacharo,36.85
648000,Vasco-Pais_Willem,Hippokampos,18.99
648000,Vasco-Pais_Willem,Jack's Magical Beans,11.25
734400,Alcazar_Lucas,Abila Zacharo,29.41
734400,Alcazar_Lucas,Hallowed Grounds,14.45
734400,Azada_Lars,Bean There Done That,13.0
734400,Azada_Lars,Guy's Gyros,14.91
734400,Balas_Felix,Hippokampos,8.43
734400,Balas_Felix,Hippokampos,10.12
734400,Barranco_Ingrid,Kronos Mart,203.91
734400,Barranco_Ingrid,Ouzeri Elian,26.09
734400,Baza_Isak,Gelatogalore,8.6
734400,Baza_Isak,Jack's Magical Beans,10.11
734400,Bergen_Linnea,Katerinas Café,17.02
734400,Bodrogi_Loreto,Frydos Autosupply n' More,276.75
734400,Bodrogi_Loreto,Jack's Magical Beans,6.0
734400,Bodrogi_Loreto,Katerinas Café,10.42
734400,Borrasca_Isande,Brewed Awakenings,13.16
734400,Borrasca_Isande,Gelatogalore,16.74
734400,Borrasca_Isande,Hippokampos,15.02
734400,Calixto_Nils,Guy's Gyros,13.59
734400,Calixto_Nils,Guy's Gyros,8.23
734400,Calzas_Axel,Bean There Done That,4.06
734400,Calzas_Axel,Katerinas Café,8.01
734400,Campo-Corrente_Ada,Albert's Fine Clothing,229.98
734400,Campo-Corrente_Ada,Brewed Awakenings,17.66
734400,Cazar_Gustav,Frydos Autosupply n' More,60.65
734400,Cazar_Gustav,Hippokampos,9.12
734400,Cocinaro_Hideki,Hallowed Grounds,16.77
734400,Cocinaro_Hideki,Ouzeri Elian,32.89
734400,Dedos_Lidelse,Abila Zacharo,20.73
734400,Dedos_Lidelse,Hallowed Grounds,17.84
734400,Ferro_Inga,Abila Zacharo,14.37
734400,Flecha_Sven,Brew've Been Served,5.3
734400,Flecha_Sven,Guy's Gyros,35.05
734400,Flecha_Sven,Kalami Kafenion,18.14
734400,Frente_Birgitta,Guy's Gyros,15.0
734400,Frente_Birgitta,Hallowed Grounds,18.48
734400,Frente_Birgitta,Katerinas Café,26.0
734400,Frente_Vira,Bean There Done That,4.05
734400,Frente_Vira,Hippokampos,24.96
734400,Frente_Vira,Kalami Kafenion,30.76
734400,Fusil_Stenig,Brew've Been Served,15.82
734400,Fusil_Stenig,Guy's Gyros,29.96
734400,Fusil_Stenig,Ouzeri Elian,22.4
734400,Hawelon_Benito,Abila Airport,2358.22
734400,Hawelon_Benito,Nationwide Refinery,1420.39
734400,Hawelon_Benito,Stewart and Sons Fabrication,1015.65
734400,Herrero_Kanon,Brew've Been Served,17.64
734400,Herrero_Kanon,Guy's Gyros,18.26
734400,Lagos_Varja,Abila Zacharo,8.16
734400,Lagos_Varja,Brew've Been Served,12.12
734400,Lagos_Varja,Frydos Autosupply n' More,138.02
734400,Mies_Henk,Abila Airport,182.93
734400,Mies_Henk,Abila Airport,4538.52
734400,Mies_Minke,Brew've Been Served,6.21
734400,Mies_Minke,Guy's Gyros,31.31
734400,Mies_Minke,Hippokampos,25.7
734400,Morlun_Valeria,Carlyle Chemical Inc.,529.47
734400,Morlun_Valeria,Carlyle Chemical Inc.,382.43
734400,Morlun_Valeria,Carlyle Chemical Inc.,2176.2
734400,Morlun_Valeria,Katerinas Café,16.98
734400,Morlun_Valeria,Nationwide Refinery,289.3
734400,Morluniau_Cecilia,Nationwide Refinery,674.28
734400,Morluniau_Cecilia,Stewart and Sons Fabrication,3544.0
734400,Nant_Irene,Carlyle Chemical Inc.,732.82
734400,Nant_Irene,Kronos Pipe and Irrigation,423.14
734400,Nant_Irene,Maximum Iron and Steel,1527.14
734400,Nubarron_Adra,Coffee Cameleon,16.13
734400,Onda_Marin,Hallowed Grounds,17.56
734400,Onda_Marin,Hippokampos,13.84
734400,Onda_Marin,Katerinas Café,8.57
734400,Orilla_Elsa,Abila Zacharo,48.39
734400,Orilla_Kare,Katerinas Café,19.02
734400,Osvaldo_Hennie,Gelatogalore,11.94
734400,Osvaldo_Hennie,Hallowed Grounds,10.25
734400,Ovan_Bertrand,Coffee Cameleon,19.99
734400,Ovan_Bertrand,Guy's Gyros,17.44
734400,Ovan_Bertrand,Katerinas Café,26.6
734400,Resumir_Felix,Brew've Been Served,19.47
734400,Scozzese_Dylan,Abila Scrapyard,1158.36
734400,Scozzese_Dylan,Abila Airport,4792.5
734400,Scozzese_Dylan,Nationwide Refinery,1322.5
734400,Scozzese_Dylan,Stewart and Sons Fabrication,918.6
734400,Strum_Orhan,Hippokampos,23.66
734400,Strum_Orhan,Katerinas Café,25.85
734400,Tempestad_Brand,Brew've Been Served,10.71
734400,Tempestad_Brand,Hippokampos,27.93
734400,Vann_Edvard,Brew've Been Served,5.13
734400,Vann_Edvard,Gelatogalore,23.45
734400,Vann_Edvard,General Grocer,285.34
734400,Vann_Isia,Brew've Been Served,14.85
734400,Vann_Isia,Guy's Gyros,25.4
734400,Vann_Isia,Guy's Gyros,31.81
734400,Vasco-Pais_Willem,Abila Zacharo,8.6
734400,Vasco-Pais_Willem,Hippokampos,9.13
734400,Vasco-Pais_Willem,Jack's Magical Beans,17.43
820800,Alcazar_Lucas,Hallowed Grounds,6.87
820800,Azada_Lars,Bean There Done That,15.39
820800,Azada_Lars,Gelatogalore,26.15
820800,Azada_Lars,Hippokampos,28.22
820800,Balas_Felix,Bean There Done That,3.92
820800,Balas_Felix,Guy's Gyros,31.5
820800,Barranco_Ingrid,Brewed Awakenings,13.82
820800,Barranco_Ingrid,Hippokampos,10.48
820800,Barranco_Ingrid,Katerinas Café,34.76
820800,Baza_Isak,Abila Zacharo,33.33
820800,Baza_Isak,Jack's Magical Beans,15.69
820800,Baza_Isak,Ouzeri Elian,19.92
820800,Bergen_Linnea,Coffee Cameleon,8.51
820800,Bergen_Linnea,Guy's Gyros,15.93
820800,Bergen_Linnea,Octavio's Office Supplies,64.51
820800,Bodrogi_Loreto,Brew've Been Served,14.45
820800,Bodrogi_Loreto,Ouzeri Elian,35.24
820800,Borrasca_Isande,Brewed Awakenings,6.17
820800,Calixto_Nils,Hallowed Grounds,10.34
820800,Calixto_Nils,Ouzeri Elian,25.98
820800,Calzas_Axel,Bean There Done That,13.41
820800,Calzas_Axel,Ouzeri Elian,15.25
820800,Campo-Corrente_Ada,Brewed Awakenings,13.9
820800,Campo-Corrente_Ada,Hippokampos,30.63
820800,Campo-Corrente_Ada,Hippokampos,17.21
820800,Cazar_Gustav,Bean There Done That,18.67
820800,Cazar_Gustav,Guy's Gyros,31.05
820800,Cocinaro_Hideki,Hallowed Grounds,10.76
820800,Cocinaro_Hideki,Katerinas Café,37.62
820800,Dedos_Lidelse,Abila Zacharo,8.22
820800,Dedos_Lidelse,Hallowed Grounds,12.03
820800,Ferro_Inga,Abila Zacharo,36.38
820800,Ferro_Inga,Brew've Been Served,3.03
820800,Ferro_Inga,Shoppers' Delight,279.53
820800,Flecha_Sven,Brew've Been Served,3.44
820800,Flecha_Sven,Frydos Autosupply n' More,217.08
820800,Flecha_Sven,Guy's Gyros,26.68
820800,Frente_Birgitta,Hallowed Grounds,8.34
820800,Frente_Birgitta,Ouzeri Elian,30.93
820800,Frente_Vira,Albert's Fine Clothing,126.13
820800,Frente_Vira,Bean There Done That,9.3
820800,Frente_Vira,Katerinas Café,25.62
820800,Fusil_Stenig,Brew've Been Served,15.85
820800,Fusil_Stenig,Guy's Gyros,26.76
820800,Fusil_Stenig,Guy's Gyros,23.61
820800,Hawelon_Claudio,Carlyle Chemical Inc.,227.81
820800,Hawelon_Claudio,Nationwide Refinery,2262.73
820800,Hawelon_Claudio,Stewart and Sons Fabrication,4195.49
820800,Herrero_Kanon,Brew've Been Served,5.89
820800,Lagos_Varja,Brew've Been Served,5.01
820800,Lagos_Varja,Kalami Kafenion,35.69
820800,Mies_Minke,Brew've Been Served,12.64
820800,Mies_Minke,General Grocer,227.28
820800,Mies_Minke,Kalami Kafenion,24.3
820800,Morluniau_Cecilia,Nationwide Refinery,1552.82
820800,Morluniau_Cecilia,Stewart and Sons Fabrication,4074.1
820800,Nant_Irene,Carlyle Chemical Inc.,3489.36
820800,Nubarron_Adra,Katerinas Café,24.33
820800,Onda_Marin,Abila Zacharo,36.73
820800,Onda_Marin,Hallowed Grounds,11.49
820800,Orilla_Elsa,Jack's Magical Beans,16.29
820800,Orilla_Elsa,Kalami Kafenion,101.5
820800,Orilla_Kare,Abila Zacharo,16.12
820800,Osvaldo_Hennie,Brew've Been Served,13.32
820800,Osvaldo_Hennie,Katerinas Café,15.76
820800,Osvaldo_Hennie,Ouzeri Elian,20.46
820800,Ovan_Bertrand,Coffee Cameleon,11.54
820800,Ovan_Bertrand,Gelatogalore,39.4
820800,Ovan_Bertrand,Katerinas Café,21.89
820800,Resumir_Felix,Brew've Been Served,5.31
820800,Resumir_Felix,Guy's Gyros,29.81
820800,Resumir_Felix,Hippokampos,39.89
820800,Strum_Orhan,Guy's Gyros,36.44
820800,Strum_Orhan,Jack's Magical Beans,5.46
820800,Tempestad_Brand,Chostus Hotel,113.25
820800,Vann_Edvard,Brew've Been Served,17.25
820800,Vann_Edvard,Guy's Gyros,27.78
820800,Vann_Edvard,Hippokampos,39.26
820800,Vann_Edvard,Octavio's Office Supplies,139.72
820800,Vann_Isia,Brew've Been Served,10.72
820800,Vann_Isia,Katerinas Café,25.36
820800,Vasco-Pais_Willem,Hippokampos,32.01
820800,Vasco-Pais_Willem,Hippokampos,39.97
907200,Azada_Lars,Hippokampos,70.23
907200,Balas_Felix,Hippokampos,67.37
907200,Barranco_Ingrid,Frydos Autosupply n' More,52.73
907200,Barranco_Ingrid,Hippokampos,66.21
907200,Barranco_Ingrid,Hippokampos,20.87
907200,Baza_Isak,Ouzeri Elian,69.36
907200,Bergen_Linnea,Katerinas Café,29.17
907200,Borrasca_Isande,Abila Zacharo,89.54
907200,Borrasca_Isande,Katerinas Café,57.36
907200,Calixto_Nils,Katerinas Café,12.55
907200,Campo-Corrente_Ada,Hippokampos,63.21
907200,Cazar_Gustav,Katerinas Café,23.45
907200,Cocinaro_Hideki,Kalami Kafenion,39.36
907200,Dedos_Lidelse,Katerinas Café,17.6
907200,Ferro_Inga,Kalami Kafenion,23.86
907200,Flecha_Sven,Guy's Gyros,33.65
907200,Frente_Birgitta,Gelatogalore,17.31
907200,Frente_Birgitta,Katerinas Café,55.67
907200,Frente_Vira,Katerinas Café,29.1
907200,Fusil_Stenig,Guy's Gyros,55.69
907200,Lagos_Varja,Katerinas Café,71.65
907200,Mies_Minke,Albert's Fine Clothing,211.47
907200,Mies_Minke,Hippokampos,23.38
907200,Nubarron_Adra,Katerinas Café,26.02
907200,Nubarron_Adra,Katerinas Café,33.18
907200,Onda_Marin,Abila Zacharo,54.82
907200,Onda_Marin,Katerinas Café,45.68
907200,Orilla_Elsa,Kalami Kafenion,50.2
907200,Orilla_Kare,Katerinas Café,27.46
907200,Osvaldo_Hennie,Katerinas Café,9.78
907200,Ovan_Bertrand,Frydos Autosupply n' More,54.98
907200,Resumir_Felix,Abila Zacharo,45.2
907200,Resumir_Felix,Frydos Autosupply n' More,261.0
907200,Strum_Orhan,Albert's Fine Clothing,105.33
907200,Strum_Orhan,Katerinas Café,45.22
907200,Tempestad_Brand,Ahaggo Museum,32.14
907200,Tempestad_Brand,Hippokampos,32.63
907200,Vann_Edvard,Ahaggo Museum,89.32
907200,Vann_Edvard,Hippokampos,63.21
907200,Vann_Isia,Guy's Gyros,16.33
993600,Alcazar_Lucas,Hippokampos,31.99
993600,Azada_Lars,Hippokampos,66.63
993600,Balas_Felix,Hippokampos,78.21
993600,Barranco_Ingrid,Desafio Golf Course,160.77
993600,Barranco_Ingrid,Hippokampos,63.32
993600,Baza_Isak,Ouzeri Elian,55.55
993600,Bergen_Linnea,Katerinas Café,11.81
993600,Bodrogi_Loreto,Guy's Gyros,34.41
993600,Borrasca_Isande,Hippokampos,29.41
993600,Borrasca_Isande,Kalami Kafenion,26.04
993600,Calixto_Nils,Hippokampos,8.54
993600,Calixto_Nils,Katerinas Café,12.64
993600,Calzas_Axel,Albert's Fine Clothing,63.36
993600,Campo-Corrente_Ada,Desafio Golf Course,198.46
993600,Campo-Corrente_Ada,Hippokampos,26.79
993600,Campo-Corrente_Ada,Ouzeri Elian,38.55
993600,Cazar_Gustav,Hippokampos,27.15
993600,Cocinaro_Hideki,Guy's Gyros,42.32
993600,Dedos_Lidelse,Hippokampos,12.57
993600,Dedos_Lidelse,Katerinas Café,27.09
993600,Ferro_Inga,Ouzeri Elian,24.72
993600,Ferro_Inga,Shoppers' Delight,204.37
993600,Flecha_Sven,Shoppers' Delight,211.03
993600,Frente_Vira,Hippokampos,49.23
993600,Fusil_Stenig,Kronos Mart,159.06
993600,Herrero_Kanon,Shoppers' Delight,86.22
993600,Lagos_Varja,Guy's Gyros,42.78
993600,Nubarron_Adra,Albert's Fine Clothing,195.81
993600,Nubarron_Adra,Hippokampos,12.55
993600,Onda_Marin,Ouzeri Elian,72.32
993600,Onda_Marin,Shoppers' Delight,135.78
993600,Orilla_Elsa,Gelatogalore,36.2
993600,Orilla_Kare,Kalami Kafenion,14.59
993600,Osvaldo_Hennie,Katerinas Café,15.37
993600,Ovan_Bertrand,Katerinas Café,34.1
993600,Ovan_Bertrand,Katerinas Café,67.14
993600,Ovan_Bertrand,Shoppers' Delight,51.5
993600,Resumir_Felix,Ahaggo Museum,120.2
993600,Resumir_Felix,Guy's Gyros,34.74
993600,Strum_Orhan,Hippokampos,52.21
993600,Strum_Orhan,Ouzeri Elian,117.22
993600,Tempestad_Brand,Abila Zacharo,11.2
993600,Vasco-Pais_Willem,Desafio Golf Course,129.33
1080000,Alcazar_Lucas,Hallowed Grounds,14.11
1080000,Alcazar_Lucas,Hippokampos,30.51
1080000,Alcazar_Lucas,Ouzeri Elian,28.75
1080000,Azada_Lars,Bean There Done That,7.93
1080000,Azada_Lars,Gelatogalore,36.93
1080000,Azada_Lars,Hippokampos,31.59
1080000,Balas_Felix,Abila Zacharo,11.99
1080000,Balas_Felix,Bean There Done That,18.02
1080000,Barranco_Ingrid,Abila Zacharo,36.14
1080000,Barranco_Ingrid,Albert's Fine Clothing,288.0
1080000,Barranco_Ingrid,Brewed Awakenings,12.69
1080000,Baza_Isak,Jack's Magical Beans,18.31
1080000,Baza_Isak,Katerinas Café,26.15
1080000,Bergen_Linnea,Coffee Cameleon,4.88
1080000,Bergen_Linnea,Hippokampos,35.73
1080000,Bodrogi_Loreto,Abila Zacharo,36.32
1080000,Bodrogi_Loreto,Brew've Been Served,12.8
1080000,Bodrogi_Loreto,Shoppers' Delight,216.43
1080000,Borrasca_Isande,Brewed Awakenings,16.4
1080000,Borrasca_Isande,Guy's Gyros,27.49
1080000,Calixto_Nils,Hallowed Grounds,9.16
1080000,Calixto_Nils,Katerinas Café,37.88
1080000,Calixto_Nils,Katerinas Café,15.82
1080000,Calzas_Axel,Bean There Done That,19.56
1080000,Calzas_Axel,Ouzeri Elian,29.75
1080000,Campo-Corrente_Ada,Brewed Awakenings,16.25
1080000,Campo-Corrente_Ada,Gelatogalore,26.45
1080000,Campo-Corrente_Ada,Hippokampos,31.47
1080000,Cazar_Gustav,Abila Zacharo,27.3
1080000,Cazar_Gustav,Albert's Fine Clothing,49.48
1080000,Cazar_Gustav,Bean There Done That,5.54
1080000,Cocinaro_Hideki,Guy's Gyros,33.48
1080000,Cocinaro_Hideki,Guy's Gyros,37.5
1080000,Cocinaro_Hideki,Hallowed Grounds,19.18
1080000,Dedos_Lidelse,Bean There Done That,10.37
1080000,Dedos_Lidelse,Katerinas Café,8.29
1080000,Dedos_Lidelse,Katerinas Café,27.59
1080000,Ferro_Inga,Abila Zacharo,17.41
1080000,Ferro_Inga,Brew've Been Served,6.69
1080000,Ferro_Inga,Guy's Gyros,15.84
1080000,Flecha_Sven,Brew've Been Served,8.04
1080000,Flecha_Sven,Guy's Gyros,36.89
1080000,Flecha_Sven,Hippokampos,31.97
1080000,Frente_Birgitta,Bean There Done That,15.24
1080000,Frente_Birgitta,Hippokampos,25.09
1080000,Frente_Vira,Abila Zacharo,23.03
1080000,Frente_Vira,Bean There Done That,18.59
1080000,Fusil_Stenig,Abila Zacharo,39.95
1080000,Fusil_Stenig,Brew've Been Served,4.18
1080000,Hafon_Albina,Carlyle Chemical Inc.,1718.96
1080000,Hafon_Albina,Abila Airport,3617.47
1080000,Hafon_Albina,Kronos Pipe and Irrigation,2852.74
1080000,Hafon_Albina,Maximum Iron and Steel,689.85
1080000,Hafon_Albina,Ouzeri Elian,19.82
1080000,Herrero_Kanon,Brew've Been Served,11.49
1080000,Herrero_Kanon,Guy's Gyros,28.57
1080000,Lagos_Varja,Brew've Been Served,18.23
1080000,Mies_Henk,Abila Airport,4417.03
1080000,Mies_Henk,Abila Airport,2228.08
1080000,Mies_Minke,Brew've Been Served,16.05
1080000,Mies_Minke,Frydos Autosupply n' More,87.57
1080000,Mies_Minke,Hippokampos,17.17
1080000,Morluniau_Cecilia,Nationwide Refinery,204.58
1080000,Morluniau_Cecilia,Stewart and Sons Fabrication,4071.95
1080000,Nubarron_Adra,Coffee Cameleon,17.76
1080000,Nubarron_Adra,Guy's Gyros,37.37
1080000,Nubarron_Adra,Katerinas Café,35.7
1080000,Onda_Marin,Katerinas Café,11.36
1080000,Onda_Marin,Ouzeri Elian,8.32
1080000,Orilla_Elsa,Abila Zacharo,64.5
1080000,Orilla_Elsa,Jack's Magical Beans,5.22
1080000,Orilla_Kare,Hallowed Grounds,13.68
1080000,Orilla_Kare,Katerinas Café,24.26
1080000,Osvaldo_Hennie,Hallowed Grounds,5.85
1080000,Osvaldo_Hennie,Katerinas Café,33.11
1080000,Ovan_Bertrand,Coffee Cameleon,19.93
1080000,Ovan_Bertrand,Katerinas Café,29.55
1080000,Ovan_Bertrand,Katerinas Café,29.83
1080000,Resumir_Felix,Guy's Gyros,12.76
1080000,Resumir_Felix,Shoppers' Delight,144.4
1080000,Strum_Orhan,Gelatogalore,32.83
1080000,Strum_Orhan,Hippokampos,39.63
1080000,Strum_Orhan,Jack's Magical Beans,9.64
1080000,Tempestad_Brand,Abila Zacharo,8.72
1080000,Tempestad_Brand,Brew've Been Served,8.0
1080000,Vann_Edvard,Brew've Been Served,18.71
1080000,Vann_Edvard,Guy's Gyros,20.47
1080000,Vann_Edvard,Ouzeri Elian,35.03
1080000,Vann_Isia,Brew've Been Served,19.64
1080000,Vann_Isia,Guy's Gyros,22.34
1080000,Vann_Isia,Hippokampos,39.9
1080000,Vasco-Pais_Willem,Guy's Gyros,29.25
1080000,Vasco-Pais_Willem,Hippokampos,29.22
1080000,Vasco-Pais_Willem,Jack's Magical Beans,17.52
1166400,Alcazar_Lucas,Kalami Kafenion,16.84
1166400,Alcazar_Lucas,Ouzeri Elian,15.94
1166400,Azada_Lars,Bean There Done That,7.28
1166400,Azada_Lars,Hippokampos,39.64
1166400,Balas_Felix,Albert's Fine Clothing,228.72
1166400,Balas_Felix,Bean There Done That,19.37
1166400,Balas_Felix,Kalami Kafenion,17.38
1166400,Barranco_Ingrid,Brewed Awakenings,17.14
1166400,Baza_Isak,Jack's Magical Beans,13.32
1166400,Baza_Isak,Ouzeri Elian,11.86
1166400,Bergen_Linnea,Coffee Cameleon,15.63
1166400,Bergen_Linnea,Hippokampos,36.01
1166400,Bodrogi_Loreto,Brew've Been Served,6.45
1166400,Bodrogi_Loreto,Hippokampos,19.07
1166400,Borrasca_Isande,Brewed Awakenings,8.3
1166400,Borrasca_Isande,Chostus Hotel,109.54
1166400,Borrasca_Isande,Hippokampos,22.13
1166400,Calixto_Nils,Hallowed Grounds,10.75
1166400,Calixto_Nils,Hippokampos,18.81
1166400,Calixto_Nils,Katerinas Café,31.8
1166400,Calzas_Axel,Gelatogalore,10.98
1166400,Calzas_Axel,Hippokampos,10.71
1166400,Campo-Corrente_Ada,Brewed Awakenings,11.35
1166400,Campo-Corrente_Ada,Hippokampos,23.56
1166400,Campo-Corrente_Ada,Kalami Kafenion,15.15
1166400,Cazar_Gustav,Bean There Done That,7.82
1166400,Cazar_Gustav,Kalami Kafenion,15.27
1166400,Cocinaro_Hideki,Guy's Gyros,34.26
1166400,Cocinaro_Hideki,Hallowed Grounds,13.0
1166400,Cocinaro_Hideki,Ouzeri Elian,22.3
1166400,Dedos_Lidelse,Guy's Gyros,16.35
1166400,Dedos_Lidelse,Hallowed Grounds,19.99
1166400,Dedos_Lidelse,Katerinas Café,12.65
1166400,Ferro_Inga,Brew've Been Served,11.94
1166400,Ferro_Inga,Guy's Gyros,25.28
1166400,Ferro_Inga,Katerinas Café,33.54
1166400,Flecha_Sven,Brew've Been Served,8.24
1166400,Flecha_Sven,Gelatogalore,27.26
1166400,Flecha_Sven,Guy's Gyros,12.96
1166400,Frente_Birgitta,Guy's Gyros,38.26
1166400,Frente_Birgitta,Hallowed Grounds,10.21
1166400,Frente_Birgitta,Katerinas Café,18.35
1166400,Frente_Vira,Bean There Done That,5.9
1166400,Frente_Vira,Katerinas Café,10.03
1166400,Fusil_Stenig,Abila Zacharo,8.41
1166400,Fusil_Stenig,Brew've Been Served,3.66
1166400,Hawelon_Benito,Abila Airport,2369.56
1166400,Hawelon_Benito,Nationwide Refinery,1301.01
1166400,Hawelon_Benito,Stewart and Sons Fabrication,540.19
1166400,Herrero_Kanon,Brew've Been Served,3.21
1166400,Lagos_Varja,Albert's Fine Clothing,50.77
1166400,Lagos_Varja,Brew've Been Served,10.96
1166400,Lagos_Varja,Ouzeri Elian,27.32
1166400,Mies_Henk,Abila Airport,228.41
1166400,Mies_Henk,Abila Airport,4898.39
1166400,Mies_Minke,Abila Zacharo,24.87
1166400,Mies_Minke,Brewed Awakenings,12.74
1166400,Mies_Minke,Frydos Autosupply n' More,42.72
1166400,Morlun_Valeria,Carlyle Chemical Inc.,3630.57
1166400,Morlun_Valeria,Carlyle Chemical Inc.,794.88
1166400,Morlun_Valeria,Carlyle Chemical Inc.,3470.99
1166400,Morlun_Valeria,Nationwide Refinery,570.95
1166400,Morluniau_Cecilia,Nationwide Refinery,965.72
1166400,Morluniau_Cecilia,Stewart and Sons Fabrication,278.52
1166400,Nubarron_Adra,Coffee Cameleon,7.84
1166400,Onda_Marin,Abila Zacharo,10.24
1166400,Onda_Marin,Hallowed Grounds,4.59
1166400,Orilla_Elsa,Guy's Gyros,50.4
1166400,Orilla_Elsa,Jack's Magical Beans,3.36
1166400,Orilla_Kare,Kalami Kafenion,23.1
1166400,Orilla_Kare,Katerinas Café,11.89
1166400,Osvaldo_Hennie,Abila Zacharo,15.26
1166400,Osvaldo_Hennie,Brew've Been Served,16.53
1166400,Osvaldo_Hennie,Roberts and Sons,203.81
1166400,Ovan_Bertrand,Coffee Cameleon,9.8
1166400,Ovan_Bertrand,Katerinas Café,15.46
1166400,Ovan_Bertrand,Katerinas Café,36.95
1166400,Resumir_Felix,Brew've Been Served,12.31
1166400,Resumir_Felix,Frydos Autosupply n' More,146.74
1166400,Resumir_Felix,Hippokampos,17.18
1166400,Scozzese_Dylan,Abila Scrapyard,4277.4
1166400,Scozzese_Dylan,Abila Airport,3339.21
1166400,Scozzese_Dylan,Nationwide Refinery,4429.76
1166400,Strum_Orhan,Jack's Magical Beans,15.7
1166400,Strum_Orhan,Katerinas Café,29.12
1166400,Tempestad_Brand,Brew've Been Served,5.87
1166400,Tempestad_Brand,Chostus Hotel,113.08
1166400,Vann_Edvard,Brew've Been Served,4.72
1166400,Vann_Edvard,Guy's Gyros,23.59
1166400,Vann_Edvard,Katerinas Café,29.1
1166400,Vann_Isia,Brew've Been Served,7.31
1166400,Vann_Isia,Guy's Gyros,26.14
1166400,Vann_Isia,Katerinas Café,20.95
1166400,Vasco-Pais_Willem,Gelatogalore,39.17
1166400,Vasco-Pais_Willem,Hippokampos,9.55
1166400,Vasco-Pais_Willem,Jack's Magical Beans,18.08
1252800,Alcazar_Lucas,Hallowed Grounds,15.86
1252800,Alcazar_Lucas,Ouzeri Elian,24.81
1252800,Alcazar_Lucas,Ouzeri Elian,32.95
1252800,Azada_Lars,Guy's Gyros,14.37
1252800,Balas_Felix,Abila Zacharo,8.83
1252800,Balas_Felix,Bean There Done That,5.34
1252800,Balas_Felix,Hippokampos,35.12
1252800,Barranco_Ingrid,Abila Zacharo,23.51
1252800,Barranco_Ingrid,Brewed Awakenings,15.75
1252800,Baza_Isak,Hippokampos,13.0
1252800,Baza_Isak,Ouzeri Elian,23.18
1252800,Bergen_Linnea,Coffee Cameleon,5.49
1252800,Bergen_Linnea,Katerinas Café,13.77
1252800,Bergen_Linnea,Ouzeri Elian,8.93
1252800,Bodrogi_Loreto,Brew've Been Served,15.58
1252800,Bodrogi_Loreto,Gelatogalore,31.21
1252800,Bodrogi_Loreto,Guy's Gyros,21.43
1252800,Borrasca_Isande,Brewed Awakenings,11.62
1252800,Borrasca_Isande,Frydos Autosupply n' More,18.91
1252800,Borrasca_Isande,Hippokampos,22.61
1252800,Calixto_Nils,Abila Zacharo,31.0
1252800,Calzas_Axel,Bean There Done That,13.13
1252800,Calzas_Axel,Hippokampos,32.4
1252800,Calzas_Axel,Hippokampos,16.37
1252800,Campo-Corrente_Ada,Brewed Awakenings,3.62
1252800,Campo-Corrente_Ada,Hippokampos,36.7
1252800,Campo-Corrente_Ada,Shoppers' Delight,102.0
1252800,Cazar_Gustav,Bean There Done That,18.96
1252800,Cazar_Gustav,Hippokampos,10.35
1252800,Cazar_Gustav,Ouzeri Elian,36.47
1252800,Cocinaro_Hideki,Hallowed Grounds,12.17
1252800,Cocinaro_Hideki,Kronos Mart,258.83
1252800,Cocinaro_Hideki,Ouzeri Elian,22.86
1252800,Dedos_Lidelse,Kalami Kafenion,26.17
1252800,Ferro_Inga,Brew've Been Served,6.58
1252800,Ferro_Inga,Gelatogalore,39.4
1252800,Ferro_Inga,General Grocer,106.2
1252800,Flecha_Sven,Brew've Been Served,3.71
1252800,Frente_Birgitta,Guy's Gyros,25.58
1252800,Frente_Birgitta,Hallowed Grounds,5.28
1252800,Frente_Birgitta,Katerinas Café,11.45
1252800,Frente_Vira,Bean There Done That,15.24
1252800,Frente_Vira,Hippokampos,21.14
1252800,Frente_Vira,Kalami Kafenion,27.86
1252800,Fusil_Stenig,Brew've Been Served,15.5
1252800,Fusil_Stenig,Guy's Gyros,36.35
1252800,Herrero_Kanon,Brew've Been Served,11.23
1252800,Herrero_Kanon,Guy's Gyros,27.01
1252800,Lagos_Varja,Brew've Been Served,14.06
1252800,Lagos_Varja,Guy's Gyros,18.04
1252800,Lagos_Varja,Ouzeri Elian,12.9
1252800,Mies_Henk,Abila Airport,3152.41
1252800,Mies_Henk,Abila Airport,875.87
1252800,Mies_Minke,Brew've Been Served,9.7
1252800,Mies_Minke,Guy's Gyros,31.04
1252800,Mies_Minke,Hippokampos,38.23
1252800,Morlun_Adan,Stewart and Sons Fabrication,4485.38
1252800,Morlun_Valeria,Carlyle Chemical Inc.,3608.08
1252800,Morlun_Valeria,Carlyle Chemical Inc.,1112.04
1252800,Morlun_Valeria,Carlyle Chemical Inc.,1392.73
1252800,Morlun_Valeria,Katerinas Café,24.15
1252800,Morlun_Valeria,Nationwide Refinery,3004.98
1252800,Morluniau_Cecilia,Nationwide Refinery,1391.24
1252800,Nant_Irene,Kronos Pipe and Irrigation,2564.0
1252800,Nant_Irene,Maximum Iron and Steel,4788.22
1252800,Nubarron_Adra,Coffee Cameleon,19.93
1252800,Nubarron_Adra,Guy's Gyros,15.89
1252800,Onda_Marin,Katerinas Café,12.12
1252800,Onda_Marin,Katerinas Café,39.63
1252800,Orilla_Elsa,Jack's Magical Beans,5.3
1252800,Orilla_Elsa,Katerinas Café,55.6
1252800,Orilla_Elsa,Ouzeri Elian,28.86
1252800,Orilla_Kare,Abila Zacharo,24.53
1252800,Orilla_Kare,Hallowed Grounds,14.33
1252800,Orilla_Kare,Katerinas Café,39.23
1252800,Osvaldo_Hennie,Brew've Been Served,11.47
1252800,Ovan_Bertrand,Abila Zacharo,33.8
1252800,Ovan_Bertrand,Coffee Cameleon,14.47
1252800,Ovan_Bertrand,Katerinas Café,27.48
1252800,Resumir_Felix,Brew've Been Served,18.58
1252800,Resumir_Felix,Kalami Kafenion,28.82
1252800,Strum_Orhan,Hippokampos,37.16
1252800,Strum_Orhan,Jack's Magical Beans,4.06
1252800,Strum_Orhan,Kalami Kafenion,22.39
1252800,Tempestad_Brand,Brew've Been Served,19.87
1252800,Tempestad_Brand,Frydos Autosupply n' More,235.27
1252800,Tempestad_Brand,Hippokampos,38.89
1252800,Vann_Edvard,Brew've Been Served,4.92
1252800,Vann_Edvard,General Grocer,137.65
1252800,Vann_Edvard,Guy's Gyros,19.8
1252800,Vann_Isia,Guy's Gyros,29.34
1252800,Vann_Isia,Guy's Gyros,28.75
1252800,Vasco-Pais_Willem,Gelatogalore,9.61
1252800,Vasco-Pais_Willem,General Grocer,83.11
1252800,Vasco-Pais_Willem,Jack's Magical Beans,19.54
1339200,Alcazar_Lucas,Guy's Gyros,10.27
1339200,Alcazar_Lucas,Hallowed Grounds,12.19
1339200,Alcazar_Lucas,Ouzeri Elian,9.91
1339200,Azada_Lars,Bean There Done That,19.82
1339200,Azada_Lars,Hippokampos,31.14
1339200,Azada_Lars,Kronos Mart,286.24
1339200,Balas_Felix,Bean There Done That,12.33
1339200,Balas_Felix,Hippokampos,10.55
1339200,Balas_Felix,Kalami Kafenion,31.38
1339200,Barranco_Ingrid,Hippokampos,20.84
1339200,Barranco_Ingrid,Katerinas Café,27.82
1339200,Baza_Isak,Hippokampos,36.17
1339200,Baza_Isak,Jack's Magical Beans,9.12
1339200,Baza_Isak,Ouzeri Elian,23.89
1339200,Bergen_Linnea,Coffee Cameleon,5.2
1339200,Bergen_Linnea,Hippokampos,16.53
1339200,Bergen_Linnea,Katerinas Café,36.32
1339200,Bodrogi_Loreto,Brew've Been Served,5.82
1339200,Bodrogi_Loreto,Ouzeri Elian,12.47
1339200,Borrasca_Isande,Brewed Awakenings,6.53
1339200,Borrasca_Isande,Hippokampos,10.38
1339200,Calixto_Nils,Guy's Gyros,31.48
1339200,Calixto_Nils,Hallowed Grounds,13.84
1339200,Calixto_Nils,Katerinas Café,10.93
1339200,Calzas_Axel,Bean There Done That,5.56
1339200,Calzas_Axel,Guy's Gyros,32.8
1339200,Calzas_Axel,Shoppers' Delight,100.69
1339200,Campo-Corrente_Ada,Brewed Awakenings,6.39
1339200,Campo-Corrente_Ada,Hippokampos,17.66
1339200,Cazar_Gustav,Hippokampos,14.89
1339200,Cazar_Gustav,Hippokampos,29.13
1339200,Cocinaro_Hideki,Guy's Gyros,11.31
1339200,Cocinaro_Hideki,Hallowed Grounds,18.2
1339200,Dedos_Lidelse,Frydos Autosupply n' More,53.37
1339200,Dedos_Lidelse,Gelatogalore,32.4
1339200,Dedos_Lidelse,Hallowed Grounds,7.22
1339200,Ferro_Inga,Albert's Fine Clothing,91.71
1339200,Ferro_Inga,Brew've Been Served,16.9
1339200,Ferro_Inga,Guy's Gyros,29.7
1339200,Flecha_Sven,Brew've Been Served,7.31
1339200,Flecha_Sven,Guy's Gyros,25.57
1339200,Flecha_Sven,Kalami Kafenion,8.86
1339200,Frente_Birgitta,Hallowed Grounds,4.98
1339200,Frente_Birgitta,Hippokampos,29.93
1339200,Frente_Birgitta,Katerinas Café,13.91
1339200,Frente_Vira,Bean There Done That,17.4
1339200,Frente_Vira,Hippokampos,34.0
1339200,Frente_Vira,Kalami Kafenion,26.32
1339200,Fusil_Stenig,Brew've Been Served,12.83
1339200,Fusil_Stenig,Guy's Gyros,13.48
1339200,Fusil_Stenig,Guy's Gyros,30.76
1339200,Hawelon_Benito,Abila Airport,1676.53
1339200,Hawelon_Benito,Nationwide Refinery,2047.28
1339200,Hawelon_Benito,Stewart and Sons Fabrication,860.3
1339200,Herrero_Kanon,Brew've Been Served,12.67
1339200,Herrero_Kanon,Shoppers' Delight,16.84
1339200,Lagos_Varja,Brew've Been Served,19.9
1339200,Lagos_Varja,Guy's Gyros,8.31
1339200,Lagos_Varja,Katerinas Café,34.02
1339200,Mies_Henk,Abila Airport,3917.3
1339200,Mies_Henk,Abila Airport,3032.97
1339200,Mies_Minke,Brew've Been Served,17.44
1339200,Mies_Minke,Gelatogalore,10.62
1339200,Mies_Minke,Roberts and Sons,155.76
1339200,Morlun_Valeria,Carlyle Chemical Inc.,419.93
1339200,Morlun_Valeria,Carlyle Chemical Inc.,1814.24
1339200,Morlun_Valeria,Katerinas Café,34.9
1339200,Morlun_Valeria,Nationwide Refinery,4742.67
1339200,Morluniau_Cecilia,Nationwide Refinery,1494.44
1339200,Morluniau_Cecilia,Stewart and Sons Fabrication,4543.31
1339200,Nubarron_Adra,Katerinas Café,19.44
1339200,Orilla_Elsa,Abila Zacharo,64.71
1339200,Orilla_Elsa,Jack's Magical Beans,14.86
1339200,Orilla_Elsa,Ouzeri Elian,29.99
1339200,Orilla_Kare,Hallowed Grounds,17.74
1339200,Orilla_Kare,Kalami Kafenion,11.83
1339200,Orilla_Kare,Katerinas Café,34.58
1339200,Osvaldo_Hennie,Gelatogalore,22.19
1339200,Osvaldo_Hennie,Hallowed Grounds,12.61
1339200,Osvaldo_Hennie,Katerinas Café,10.84
1339200,Ovan_Bertrand,Abila Zacharo,31.31
1339200,Ovan_Bertrand,Coffee Cameleon,7.19
1339200,Ovan_Bertrand,Katerinas Café,14.34
1339200,Resumir_Felix,Abila Zacharo,8.43
1339200,Resumir_Felix,Guy's Gyros,28.27
1339200,Scozzese_Dylan,Abila Scrapyard,1897.05
1339200,Scozzese_Dylan,Abila Airport,3138.98
1339200,Strum_Orhan,Jack's Magical Beans,12.56
1339200,Tempestad_Brand,Guy's Gyros,31.31
1339200,Tempestad_Brand,Katerinas Café,11.08
1339200,Vann_Edvard,Brew've Been Served,4.7
1339200,Vann_Edvard,Guy's Gyros,37.8
1339200,Vann_Isia,Brew've Been Served,8.18
1339200,Vann_Isia,Hippokampos,18.18
1339200,Vann_Isia,Roberts and Sons,240.66
1339200,Vasco-Pais_Willem,Gelatogalore,12.33
1339200,Vasco-Pais_Willem,Jack's Magical Beans,6.95
1425600,Alcazar_Lucas,Hallowed Grounds,9.4
1425600,Alcazar_Lucas,Ouzeri Elian,35.81
1425600,Azada_Lars,Bean There Done That,19.67
1425600,Balas_Felix,Bean There Done That,8.21
1425600,Balas_Felix,Gelatogalore,23.23
1425600,Balas_Felix,Hippokampos,12.86
1425600,Barranco_Ingrid,Brewed Awakenings,8.16
1425600,Barranco_Ingrid,Guy's Gyros,8.64
1425600,Barranco_Ingrid,Hippokampos,11.93
1425600,Baza_Isak,Jack's Magical Beans,7.57
1425600,Baza_Isak,Ouzeri Elian,38.6
1425600,Bergen_Linnea,Coffee Cameleon,6.81
1425600,Bergen_Linnea,Kalami Kafenion,140.78
1425600,Bergen_Linnea,Katerinas Café,19.09
1425600,Bodrogi_Loreto,Brew've Been Served,3.09
1425600,Bodrogi_Loreto,Guy's Gyros,39.14
1425600,Bodrogi_Loreto,Guy's Gyros,8.54
1425600,Borrasca_Isande,Brewed Awakenings,8.69
1425600,Borrasca_Isande,Chostus Hotel,119.62
1425600,Borrasca_Isande,Hippokampos,8.92
1425600,Calixto_Nils,Hallowed Grounds,14.58
1425600,Calixto_Nils,Katerinas Café,32.13
1425600,Calzas_Axel,Bean There Done That,19.56
1425600,Calzas_Axel,Hippokampos,10.14
1425600,Campo-Corrente_Ada,Abila Zacharo,8.78
1425600,Campo-Corrente_Ada,Brewed Awakenings,6.0
1425600,Campo-Corrente_Ada,Hippokampos,14.93
1425600,Cazar_Gustav,Albert's Fine Clothing,39.41
1425600,Cazar_Gustav,Bean There Done That,18.72
1425600,Cazar_Gustav,Katerinas Café,13.11
1425600,Cocinaro_Hideki,General Grocer,78.03
1425600,Cocinaro_Hideki,Kalami Kafenion,27.73
1425600,Dedos_Lidelse,Hallowed Grounds,18.6
1425600,Dedos_Lidelse,Kalami Kafenion,20.02
1425600,Ferro_Inga,Brew've Been Served,15.46
1425600,Ferro_Inga,Gelatogalore,34.59
1425600,Ferro_Inga,Guy's Gyros,8.31
1425600,Flecha_Sven,Brew've Been Served,12.56
1425600,Flecha_Sven,Shoppers' Delight,155.01
1425600,Frente_Birgitta,Hallowed Grounds,15.98
1425600,Frente_Birgitta,Hippokampos,28.35
1425600,Frente_Vira,Abila Zacharo,21.21
1425600,Frente_Vira,Bean There Done That,5.77
1425600,Fusil_Stenig,Coffee Cameleon,9.16
1425600,Fusil_Stenig,Guy's Gyros,19.68
1425600,Fusil_Stenig,Hippokampos,15.77
1425600,Herrero_Kanon,Brew've Been Served,11.04
1425600,Herrero_Kanon,Shoppers' Delight,269.33
1425600,Lagos_Varja,Brew've Been Served,13.66
1425600,Lagos_Varja,Guy's Gyros,22.18
1425600,Lagos_Varja,Guy's Gyros,37.55
1425600,Mies_Minke,Guy's Gyros,15.4
1425600,Mies_Minke,Katerinas Café,35.52
1425600,Morluniau_Cecilia,Stewart and Sons Fabrication,1753.17
1425600,Nubarron_Adra,Abila Zacharo,14.51
1425600,Nubarron_Adra,Coffee Cameleon,14.57
1425600,Nubarron_Adra,Katerinas Café,38.21
1425600,Onda_Marin,Hallowed Grounds,3.25
1425600,Onda_Marin,Katerinas Café,21.22
1425600,Orilla_Elsa,Hippokampos,52.31
1425600,Orilla_Elsa,Jack's Magical Beans,19.11
1425600,Orilla_Elsa,Ouzeri Elian,10.21
1425600,Orilla_Kare,Gelatogalore,21.62
1425600,Orilla_Kare,Hallowed Grounds,18.22
1425600,Orilla_Kare,Katerinas Café,22.18
1425600,Osvaldo_Hennie,Brew've Been Served,16.62
1425600,Osvaldo_Hennie,Katerinas Café,27.49
1425600,Ovan_Bertrand,Coffee Cameleon,10.27
1425600,Ovan_Bertrand,Katerinas Café,21.01
1425600,Resumir_Felix,Brew've Been Served,5.29
1425600,Resumir_Felix,Guy's Gyros,16.83
1425600,Sanjorge Jr._Sten,Abila Zacharo,15.95
1425600,Sanjorge Jr._Sten,Hallowed Grounds,9.72
1425600,Strum_Orhan,Gelatogalore,15.84
1425600,Tempestad_Brand,Brew've Been Served,12.3
1425600,Tempestad_Brand,Chostus Hotel,114.22
1425600,Tempestad_Brand,Guy's Gyros,29.71
1425600,Vann_Edvard,Brew've Been Served,19.39
1425600,Vann_Edvard,Guy's Gyros,35.1
1425600,Vann_Edvard,Hippokampos,14.57
1425600,Vann_Isia,Abila Zacharo,39.67
1425600,Vann_Isia,Brew've Been Served,10.52
1425600,Vasco-Pais_Willem,Hippokampos,38.19
1425600,Vasco-Pais_Willem,Kalami Kafenion,25.32
1512000,Alcazar_Lucas,Abila Zacharo,16.59
1512000,Alcazar_Lucas,Kronos Mart,194.51
1512000,Alcazar_Lucas,Ouzeri Elian,21.56
1512000,Azada_Lars,Hippokampos,72.5
1512000,Balas_Felix,Frank's Fuel,52.66
1512000,Balas_Felix,Kalami Kafenion,11.14
1512000,Barranco_Ingrid,Katerinas Café,96.36
1512000,Baza_Isak,Ouzeri Elian,57.63
1512000,Bergen_Linnea,Abila Zacharo,18.45
1512000,Bergen_Linnea,Roberts and Sons,62.47
1512000,Bodrogi_Loreto,Kalami Kafenion,10.48
1512000,Bodrogi_Loreto,Katerinas Café,9.72
1512000,Borrasca_Isande,Abila Zacharo,73.25
1512000,Borrasca_Isande,Roberts and Sons,239.65
1512000,Calixto_Nils,Katerinas Café,8.14
1512000,Calzas_Axel,Frydos Autosupply n' More,103.55
1512000,Calzas_Axel,Hippokampos,20.11
1512000,Campo-Corrente_Ada,Hippokampos,63.21
1512000,Campo-Corrente_Ada,Kalami Kafenion,42.36
1512000,Campo-Corrente_Ada,Kronos Mart,150.36
1512000,Cazar_Gustav,Kalami Kafenion,24.14
1512000,Dedos_Lidelse,Frydos Autosupply n' More,281.54
1512000,Dedos_Lidelse,Guy's Gyros,27.4
1512000,Dedos_Lidelse,Katerinas Café,22.74
1512000,Ferro_Inga,Katerinas Café,37.21
1512000,Flecha_Sven,Ahaggo Museum,120.2
1512000,Flecha_Sven,Guy's Gyros,31.48
1512000,Frente_Birgitta,Guy's Gyros,47.89
1512000,Frente_Birgitta,Roberts and Sons,266.69
1512000,Frente_Vira,Albert's Fine Clothing,35.66
1512000,Frente_Vira,Hippokampos,27.21
1512000,Frente_Vira,Ouzeri Elian,33.57
1512000,Lagos_Varja,Guy's Gyros,39.68
1512000,Lagos_Varja,Katerinas Café,19.3
1512000,Lagos_Varja,Kronos Mart,87.66
1512000,Mies_Minke,Katerinas Café,33.41
1512000,Onda_Marin,Katerinas Café,33.63
1512000,Orilla_Elsa,Ahaggo Museum,55.55
1512000,Orilla_Elsa,Hippokampos,49.21
1512000,Ovan_Bertrand,General Grocer,177.6
1512000,Ovan_Bertrand,Katerinas Café,76.1
1512000,Ovan_Bertrand,Ouzeri Elian,53.36
1512000,Resumir_Felix,General Grocer,108.49
1512000,Resumir_Felix,Kalami Kafenion,53.36
1512000,Sanjorge Jr._Sten,Chostus Hotel,600.0
1512000,Sanjorge Jr._Sten,Katerinas Café,14.22
1512000,Strum_Orhan,Abila Zacharo,111.93
1512000,Strum_Orhan,Albert's Fine Clothing,226.49
1512000,Strum_Orhan,Shoppers' Delight,258.33
1512000,Vann_Edvard,Abila Zacharo,21.29
1512000,Vann_Isia,Katerinas Café,19.31
1512000,Vasco-Pais_Willem,Frydos Autosupply n' More,120.67
1512000,Vasco-Pais_Willem,Hippokampos,53.21
1512000,Vasco-Pais_Willem,Kalami Kafenion,38.91
1598400,Azada_Lars,Hippokampos,78.96
1598400,Balas_Felix,Hippokampos,101.25
1598400,Barranco_Ingrid,Desafio Golf Course,145.72
1598400,Baza_Isak,Ouzeri Elian,67.98
1598400,Bodrogi_Loreto,Guy's Gyros,20.94
1598400,Borrasca_Isande,Albert's Fine Clothing,254.29
1598400,Calixto_Nils,Katerinas Café,34.03
1598400,Calzas_Axel,Hippokampos,11.56
1598400,Campo-Corrente_Ada,Desafio Golf Course,190.91
1598400,Campo-Corrente_Ada,Hippokampos,48.23
1598400,Cocinaro_Hideki,Guy's Gyros,36.87
1598400,Dedos_Lidelse,Katerinas Café,33.79
1598400,Flecha_Sven,Guy's Gyros,65.21
1598400,Flecha_Sven,Ouzeri Elian,45.32
1598400,Frente_Birgitta,Katerinas Café,38.9
1598400,Frente_Vira,Gelatogalore,22.36
1598400,Frente_Vira,General Grocer,70.22
1598400,Frente_Vira,Hippokampos,46.32
1598400,Fusil_Stenig,Guy's Gyros,40.36
1598400,Lagos_Varja,Frydos Autosupply n' More,56.09
1598400,Lagos_Varja,Guy's Gyros,58.35
1598400,Lagos_Varja,Ouzeri Elian,23.65
1598400,Mies_Minke,Guy's Gyros,31.94
1598400,Mies_Minke,Katerinas Café,26.76
1598400,Nubarron_Adra,Albert's Fine Clothing,274.66
1598400,Nubarron_Adra,Shoppers' Delight,30.39
1598400,Orilla_Elsa,Ahaggo Museum,26.91
1598400,Orilla_Elsa,Guy's Gyros,23.21
1598400,Osvaldo_Hennie,Frydos Autosupply n' More,98.04
1598400,Ovan_Bertrand,Katerinas Café,12.25
1598400,Resumir_Felix,Abila Zacharo,47.8
1598400,Resumir_Felix,Guy's Gyros,39.6
1598400,Sanjorge Jr._Sten,Desafio Golf Course,148.22
1598400,Sanjorge Jr._Sten,Guy's Gyros,25.79
1598400,Strum_Orhan,Desafio Golf Course,150.07
1598400,Strum_Orhan,Hippokampos,45.32
1598400,Tempestad_Brand,Guy's Gyros,37.48
1598400,Vann_Edvard,Frydos Autosupply n' More,209.76
1598400,Vann_Edvard,Katerinas Café,70.22
1598400,Vann_Isia,Guy's Gyros,18.08
1598400,Vann_Isia,Katerinas Café,35.01
1598400,Vasco-Pais_Willem,Desafio Golf Course,110.02
1598400,Vasco-Pais_Willem,Hippokampos,63.17
